dt,yaw_cmd,yaw_vel,yaw_pos,pitch_cmd,pitch_vel,pitch_pos
1778337346.399612,0.0,0.0,-2.021480083465576,0.0,0.0,-4.746124744415283
1778337346.4006765,0.3783149719238281,0.0,-2.021480083465576,-3.682888984680176,0.0,-4.746124744415283
1778337346.4016612,0.6318256258964539,0.0,-2.021480083465576,-5.881824493408203,0.0,-4.746124744415283
1778337346.4026275,0.6318256258964539,-0.11858563870191574,-2.285125494003296,-5.881824493408203,0.0,-4.746124744415283
1778337346.4035406,0.7589085102081299,-0.11851858347654343,-2.548825263977051,-6.850623607635498,0.0,-4.746124744415283
1778337346.4044414,1.2689197063446045,-0.32213544845581055,-3.164034128189087,-9.516615867614746,-0.0920400321483612,-4.921906471252441
1778337346.4053624,1.524621844291687,-1.1213136911392212,-5.185551643371582,-9.982003211975098,0.0,-4.921906471252441
1778337346.406374,1.7805440425872803,-1.5402520895004272,-8.61326789855957,-9.81558609008789,0.0,-4.921906471252441
1778337346.4391289,2.0364980697631836,-2.1344876289367676,-13.359375,-9.026747703552246,0.0,-4.921906471252441
1778337346.4772398,2.0364980697631836,-1.3874561786651611,-16.435527801513672,-9.026747703552246,0.0,-4.921906471252441
1778337346.5090168,2.4200658798217773,-1.2903023958206177,-18.896472930908203,-6.793612480163574,0.0,-4.921906471252441
1778337346.541396,2.6752469539642334,-0.4389910399913788,-19.687463760375977,-4.741453647613525,0.0,-4.921906471252441
1778337346.576737,2.9297666549682617,-0.7855400443077087,-21.269500732421875,-2.386129379272461,-0.26177218556404114,-5.449251651763916
1778337346.6069229,3.0567140579223633,-0.19508284330368042,-21.621063232421875,-1.1410138607025146,-0.34146666526794434,-6.064460754394531
1778337346.6394818,3.3098530769348145,-0.09752590954303741,-21.796844482421875,1.3849447965621948,-0.2926056683063507,-6.591805934906006
1778337346.6768918,3.5618064403533936,0.0,-21.796844482421875,3.8239760398864746,-0.5393027663230896,-7.734386444091797
1778337346.706441,3.6872711181640625,0.0,-21.796844482421875,4.961622714996338,-0.14622379839420319,-7.998059272766113
1778337346.7371924,3.937040090560913,0.0,-21.796844482421875,6.981836795806885,-0.7247989177703857,-9.228531837463379
1778337346.7728984,3.937040090560913,0.0,-21.796844482421875,6.981836795806885,-0.37375780940055847,-10.019549369812012
1778337346.8048122,4.308375358581543,0.2922525703907013,-21.269500732421875,9.142603874206543,-0.4866703748703003,-10.898458480834961
1778337346.8375413,4.55339241027832,1.0227065086364746,-19.423818588256836,9.867383003234863,-0.7312352061271667,-12.216821670532227
1778337346.867707,4.675053596496582,1.317997694015503,-17.050737380981445,9.99354076385498,-0.7318864464759827,-13.535184860229492
1778337346.9004116,4.916536331176758,1.2691782712936401,-14.765628814697266,9.762519836425781,-0.7811509370803833,-14.941438674926758
1778337346.9377027,5.155372619628906,1.8249876499176025,-10.898430824279785,8.902786254882812,-0.9953004121780396,-17.050792694091797
1778337346.9681828,5.2737250328063965,2.3380203247070312,-6.679669380187988,8.252601623535156,-1.0230140686035156,-18.896501541137695
1778337347.0003214,5.508150100708008,1.9488458633422852,-3.164034128189087,6.5633978843688965,-1.1205862760543823,-20.91798973083496
1778337347.0375128,5.73933744430542,1.659348964691162,0.3516008257865906,4.449283599853516,-1.0373175144195557,-23.11526107788086
1778337347.0677795,5.853641986846924,1.4633073806762695,2.9883270263671875,3.2745039463043213,-0.8779006600379944,-24.697298049926758
1778337347.099131,6.079521179199219,0.8287568688392639,4.39452600479126,0.7842482924461365,-0.725051999092102,-25.92774200439453
1778337347.1353762,6.079521179199219,0.16623158752918243,4.746089458465576,0.7842482924461365,-0.49880290031433105,-26.982433319091797
1778337347.1665466,6.411062717437744,0.0,4.746089458465576,-2.997560501098633,-1.1241209506988525,-29.003923416137695
1778337347.1998982,6.626883029937744,0.0,4.746089458465576,-5.311254024505615,-0.7381361126899719,-30.41017723083496
1778337347.2369945,6.83825159072876,0.0,4.746089458465576,-7.281210422515869,-0.7483462691307068,-31.992212295532227
1778337347.269118,6.942190170288086,0.0,4.746089458465576,-8.095938682556152,-0.7853323817253113,-33.486358642578125
1778337347.3015172,7.146421432495117,0.0,4.746089458465576,-9.318012237548828,-0.8792833685874939,-35.06836700439453
1778337347.3369029,7.345587730407715,-0.4370678961277008,3.8672354221343994,-9.933475494384766,-0.5246336460113525,-36.1230583190918
1778337347.3687267,7.44319486618042,-1.0134434700012207,1.9336365461349487,-9.999197959899902,-0.4144909977912903,-36.9140739440918
1778337347.3999312,7.634303569793701,-1.709105134010315,-0.9667896032333374,-9.64051628112793,-0.7250680923461914,-38.14454650878906
1778337347.4366558,7.819735050201416,-1.8664518594741821,-4.921852111816406,-8.651336669921875,-0.3318338990211487,-38.84767532348633
1778337347.4669387,7.910245895385742,-1.8531689643859863,-8.261704444885254,-7.938662052154541,-0.2925870418548584,-39.37501907348633
1778337347.4991932,8.086705207824707,-2.3865625858306885,-12.568329811096191,-6.134888648986816,-0.6331737041473389,-40.517601013183594
1778337347.5390317,8.256880760192871,-1.9027155637741089,-16.787092208862305,-3.9277217388153076,-0.555016040802002,-41.74807357788086
1778337347.5774844,8.256880760192871,-0.6730139255523682,-18.28120994567871,-3.9277217388153076,-0.5144016146659851,-42.890655517578125
1778337347.6170382,8.33953857421875,-0.3392055034637451,-19.072254180908203,-2.7171218395233154,-1.0935372114181519,-45.4394645690918
1778337347.6480234,8.653266906738281,0.0,-19.072254180908203,2.368386745452881,-1.022948980331421,-47.28517150878906
1778337347.6804426,8.799581527709961,0.0,-19.072254180908203,4.763401031494141,-0.7806788682937622,-48.69142532348633
1778337347.7175865,8.938554763793945,0.0,-19.072254180908203,6.845757484436035,-1.1609163284301758,-51.15237045288086
1778337347.7478404,9.005218505859375,0.0,-19.072254180908203,7.725500106811523,-0.8770919442176819,-52.73440170288086
1778337347.7789767,9.132758140563965,0.0,-19.072254180908203,9.088910102844238,-0.983456552028656,-54.40433120727539
1778337347.8154562,9.132758140563965,0.29063475131988525,-18.45699119567871,9.088910102844238,-0.9966205954551697,-56.51368713378906
1778337347.8477144,9.309186935424805,0.6459856033325195,-17.226518630981445,9.990656852722168,-1.0149999856948853,-58.447288513183594
1778337347.8793302,9.416573524475098,0.6230013966560364,-16.171829223632812,9.76990795135498,-1.142053246498108,-60.38088607788086
1778337347.9172535,9.416573524475098,1.1512407064437866,-13.62302017211914,9.76990795135498,-1.2305223941802979,-63.10550308227539
1778337347.9473548,9.561782836914062,1.9059205055236816,-10.195303916931152,8.2393798828125,-1.2706491947174072,-65.39064025878906
1778337347.9795182,9.647713661193848,1.9520072937011719,-6.679669380187988,6.516594409942627,-1.415340542793274,-67.9394760131836
1778337348.0169787,9.72471809387207,2.204108238220215,-2.021480083465576,4.3591766357421875,-1.413926124572754,-70.92776489257812
1778337348.0490012,9.759814262390137,1.567549228668213,0.9668096303939819,3.161252737045288,-1.2906900644302368,-73.38871002197266
1778337348.0815597,9.823078155517578,0.9260991811752319,2.636763572692871,0.626533031463623,-1.072292685508728,-75.32228088378906
1778337348.1165993,9.876959800720215,0.5237975716590881,3.691453695297241,-1.951505184173584,-1.0915868282318115,-77.5195541381836
1778337348.1468694,9.90032958984375,0.048760201781988144,3.7793173789978027,-3.202775716781616,-0.6339990496635437,-78.66213989257812
1778337348.1795626,9.939821243286133,0.0,3.7793173789978027,-5.525023460388184,-1.1209778785705566,-80.68362426757812
1778337348.2166743,9.969522476196289,0.0,3.7793173789978027,-7.478792190551758,-0.9540740847587585,-82.70511627197266
1778337348.246944,9.9806547164917,-0.0487307608127594,3.691453695297241,-8.275163650512695,-1.0232739448547363,-84.55081939697266
1778337348.2792823,9.995393753051758,0.0,3.691453695297241,-9.43951416015625,-1.0225117206573486,-86.39649963378906
1778337348.3165998,9.99998664855957,-0.16600212454795837,3.339890480041504,-9.970751762390137,-0.954435408115387,-88.4179916381836
1778337348.3468144,9.998438835144043,-1.023939609527588,1.494154930114746,-9.98569107055664,-0.5850996971130371,-89.47268676757812
1778337348.376298,9.987582206726074,-1.6047874689102173,-1.2304348945617676,-9.512202262878418,-0.6214659810066223,-90.52738189697266
1778337348.40793,9.97824478149414,-2.0006320476531982,-4.833988189697266,-9.031475067138672,-0.43896427750587463,-91.31838989257812
1778337348.4406357,9.951689720153809,-1.9503638744354248,-8.349568367004395,-7.621857166290283,-0.7802321314811707,-92.72464752197266
1778337348.4776478,9.91455078125,-2.487274408340454,-13.62302017211914,-5.697185516357422,-0.3730710446834564,-93.51566314697266
1778337348.5077143,9.891985893249512,-1.3666226863861084,-16.083965301513672,-4.580894947052002,-0.6344428658485413,-94.65824890136719
1778337348.5391197,9.838818550109863,-0.5192556977272034,-16.962873458862305,-2.1343495845794678,-0.9347073435783386,-96.2402572631836
1778337348.5789871,9.838818550109863,-0.07929825782775879,-17.138654708862305,-2.1343495845794678,-0.8721230626106262,-98.17385864257812
1778337348.6191318,9.80820083618164,0.0,-17.138654708862305,-0.8455203771591187,-0.9398975968360901,-100.45902252197266
1778337348.656578,9.738860130310059,0.0,-17.138654708862305,1.7542526721954346,-1.2467707395553589,-103.09574127197266
1778337348.686852,9.567617416381836,0.0,-17.138654708862305,6.432923316955566,-0.7798850536346436,-104.50199890136719
1778337348.7195628,9.465662002563477,0.0,-17.138654708862305,8.193366050720215,-0.7320342659950256,-105.82032775878906
1778337348.7590475,9.352804183959961,0.0,-17.138654708862305,9.397411346435547,-0.673408567905426,-107.3144760131836
1778337348.7959442,9.352804183959961,0.039658378809690475,-17.050737380981445,9.397411346435547,-0.9118356704711914,-109.33596801757812
1778337348.826352,9.163094520568848,0.3630695641040802,-16.435527801513672,9.990409851074219,-0.8817795515060425,-110.83011627197266
1778337348.8584585,9.023042678833008,0.585527777671814,-15.380838394165039,9.536028861999512,-0.8783196210861206,-112.41214752197266
1778337348.894784,9.023042678833008,0.5830109715461731,-14.150365829467773,9.536028861999512,-0.4996965825557709,-113.46683502197266
1778337348.926916,8.792704582214355,0.5986050963401794,-13.007811546325684,7.65405797958374,-0.2762775719165802,-113.99418640136719
1778337348.9596148,8.625730514526367,0.8768134713172913,-11.425776481628418,5.722662448883057,-0.19484125077724457,-114.34574127197266
1778337349.0001705,8.44811725616455,0.4147551655769348,-10.458949089050293,3.398003101348877,-0.07541901618242264,-114.52153015136719
1778337349.037347,8.259960174560547,0.08294501155614853,-10.283166885375977,0.838866114616394,0.539098858833313,-113.37894439697266
1778337349.0673034,8.161962509155273,-0.0488029345870018,-10.371085166931152,-0.474154531955719,0.0,-113.37894439697266
1778337349.0998437,7.958208084106445,0.0,-10.371085166931152,-3.0542829036712646,0.0,-113.37894439697266
1778337349.137078,7.744223117828369,0.0,-10.371085166931152,-5.425755977630615,0.0,-113.37894439697266
1778337349.1684973,7.633440971374512,0.0,-10.371085166931152,-6.481215476989746,0.0,-113.37894439697266
1778337349.1999536,7.404402256011963,0.0,-10.371085166931152,-8.240158081054688,0.0,-113.37894439697266
1778337349.2370274,7.165546417236328,0.0,-10.371085166931152,-9.43144702911377,0.0,-113.37894439697266
1778337349.2673628,7.042497634887695,0.0,-10.371085166931152,-9.786483764648438,-0.04873507469892502,-113.46683502197266
1778337349.2998288,6.789287567138672,0.0,-10.371085166931152,-9.983916282653809,0.0486917570233345,-113.37894439697266
1778337349.3371239,6.526778697967529,0.0,-10.371085166931152,-9.490398406982422,0.0,-113.37894439697266
1778337349.368591,6.392110824584961,0.0,-10.371085166931152,-8.99300479888916,0.0,-113.37894439697266
1778337349.399972,6.116103649139404,0.0,-10.371085166931152,-7.539366245269775,0.0,-113.37894439697266
1778337349.4370704,5.831421375274658,0.0,-10.371085166931152,-5.561478137969971,0.0,-113.37894439697266
1778337349.4673548,5.685913562774658,0.0,-10.371085166931152,-4.417418003082275,0.0,-113.37894439697266
1778337349.5000565,5.388746738433838,0.0,-10.371085166931152,-1.9181681871414185,0.0,-113.37894439697266
1778337349.5369823,5.0836334228515625,0.0,-10.371085166931152,0.7160900235176086,0.0,-113.37894439697266
1778337349.5685089,4.928196430206299,0.0,-10.371085166931152,2.0265746116638184,0.0,-113.37894439697266
1778337349.5999851,4.611769676208496,0.0,-10.371085166931152,4.519855499267578,0.0,-113.37894439697266
1778337349.6369278,4.288229465484619,0.0,-10.371085166931152,6.698941230773926,0.0,-113.37894439697266
1778337349.6690767,4.123904228210449,0.0,-10.371085166931152,7.621730327606201,0.0,-113.37894439697266
1778337349.7018375,3.790376663208008,0.0,-10.371085166931152,9.052531242370605,0.0,-113.37894439697266
1778337349.736874,3.450669527053833,0.0,-10.371085166931152,9.850120544433594,0.0,-113.37894439697266
1778337349.7689898,3.278623580932617,0.0,-10.371085166931152,9.991776466369629,0.0,-113.37894439697266
1778337349.8015103,2.9304051399230957,0.0,-10.371085166931152,9.747615814208984,0.0,-113.37894439697266
1778337349.8367527,2.5770397186279297,0.0,-10.371085166931152,8.818581581115723,-0.043608855456113815,-113.46683502197266
1778337349.8689373,2.3985633850097656,0.0,-10.371085166931152,8.115492820739746,0.04606284946203232,-113.37894439697266
1778337349.9014723,2.0383057594299316,0.0,-10.371085166931152,6.293382167816162,0.0,-113.37894439697266
1778337349.9369395,1.6740262508392334,0.0,-10.371085166931152,4.026834964752197,0.0,-113.37894439697266
1778337349.968923,1.4905261993408203,0.0,-10.371085166931152,2.775667667388916,0.0,-113.37894439697266
1778337350.001332,1.1211085319519043,0.0,-10.371085166931152,0.1476956456899643,0.0,-113.37894439697266
1778337350.0365949,0.7488808631896973,0.0,-10.371085166931152,-2.492225170135498,0.0,-113.37894439697266
1778337350.0669196,0.5618712902069092,0.0,-10.371085166931152,-3.7580010890960693,0.0,-113.37894439697266
1778337350.0992842,0.1863831728696823,0.0,-10.371085166931152,-6.068911552429199,-0.048714954406023026,-113.46683502197266
1778337350.1366446,-0.1906248927116394,0.0,-10.371085166931152,-7.951066970825195,0.041502803564071655,-113.37894439697266
1778337350.1686738,-0.3795318603515625,0.0,-10.371085166931152,-8.687944412231445,0.0,-113.37894439697266
1778337350.2011948,-0.7578117847442627,0.0,-10.371085166931152,-9.687246322631836,0.0,-113.37894439697266
1778337350.2365994,-1.1362526416778564,0.0,-10.371085166931152,-9.99860954284668,0.0,-113.37894439697266
1778337350.2668178,-1.3253586292266846,0.0,-10.371085166931152,-9.887036323547363,0.0,-113.37894439697266
1778337350.2997,-1.7029874324798584,0.0,-10.371085166931152,-9.138541221618652,0.0,-113.37894439697266
1778337350.336666,-2.079360246658325,0.0,-10.371085166931152,-7.7382049560546875,0.0,-113.37894439697266
1778337350.3686025,-2.266894578933716,0.0,-10.371085166931152,-6.822815895080566,-0.04874591529369354,-113.46683502197266
1778337350.3993123,-2.6402933597564697,0.0,-10.371085166931152,-4.642762660980225,0.04865623265504837,-113.37894439697266
1778337350.4363062,-3.0109736919403076,0.0,-10.371085166931152,-2.129552125930786,0.0,-113.37894439697266
1778337350.4665034,-3.1951088905334473,0.0,-10.371085166931152,-0.8034358024597168,-0.04874126613140106,-113.46683502197266
1778337350.4976192,-3.5605950355529785,0.0,-10.371085166931152,1.8691825866699219,0.05179057642817497,-113.37894439697266
1778337350.5278296,-3.7417960166931152,0.0,-10.371085166931152,3.1675875186920166,0.0,-113.37894439697266
1778337350.560278,-4.10073709487915,0.0,-10.371085166931152,5.571920871734619,0.0,-113.37894439697266
1778337350.5993292,-4.454559803009033,0.0,-10.371085166931152,7.577432155609131,0.0,-113.37894439697266
1778337350.6382551,-4.802659034729004,0.0,-10.371085166931152,9.039217948913574,0.0,-113.37894439697266
1778337350.6773493,-4.802659034729004,0.0,-10.371085166931152,9.039217948913574,0.0,-113.37894439697266
1778337350.70734,-5.312751770019531,0.0,-10.371085166931152,9.99272632598877,0.0,-113.37894439697266
1778337350.740028,-5.643895626068115,0.0,-10.371085166931152,9.733797073364258,0.0,-113.37894439697266
1778337350.7789726,-5.9672040939331055,0.0,-10.371085166931152,8.77194595336914,0.0,-113.37894439697266
1778337350.8156023,-5.9672040939331055,0.0,-10.371085166931152,8.77194595336914,0.0,-113.37894439697266
1778337350.847849,-6.436171054840088,0.0,-10.371085166931152,6.173436641693115,0.0,-113.37894439697266
1778337350.8803606,-6.73729133605957,0.0,-10.371085166931152,3.8519070148468018,0.0,-113.37894439697266
1778337350.9175832,-7.028512001037598,0.0,-10.371085166931152,1.2498247623443604,-0.041471388190984726,-113.46683502197266
1778337350.9479349,-7.170230388641357,0.0,-10.371085166931152,-0.09800747781991959,0.048714954406023026,-113.37894439697266
1778337350.9802928,-7.445529460906982,0.0,-10.371085166931152,-2.7649104595184326,0.0,-113.37894439697266
1778337351.0176818,-7.709512710571289,0.0,-10.371085166931152,-5.2323102951049805,0.0,-113.37894439697266
1778337351.0478916,-7.8370890617370605,0.0,-10.371085166931152,-6.334049224853516,0.0,-113.37894439697266
1778337351.0789864,-8.083075523376465,0.0,-10.371085166931152,-8.172820091247559,0.0,-113.37894439697266
1778337351.1153002,-8.083075523376465,0.0,-10.371085166931152,-8.172820091247559,0.0,-113.37894439697266
1778337351.1476362,-8.428153991699219,0.0,-10.371085166931152,-9.785027503967285,0.0,-113.37894439697266
1778337351.1790519,-8.641528129577637,0.0,-10.371085166931152,-9.979907989501953,0.0,-113.37894439697266
1778337351.2173707,-8.641528129577637,0.0,-10.371085166931152,-9.979907989501953,0.0,-113.37894439697266
1778337351.2474625,-8.935347557067871,0.0,-10.371085166931152,-8.9139404296875,0.0,-113.37894439697266
1778337351.2799106,-9.11305046081543,0.0,-10.371085166931152,-7.371840953826904,0.0,-113.37894439697266
1778337351.317246,-9.275691986083984,0.0,-10.371085166931152,-5.28826904296875,0.0,-113.37894439697266
1778337351.347287,-9.351232528686523,0.0,-10.371085166931152,-4.089663505554199,0.0,-113.37894439697266
1778337351.3798993,-9.490497589111328,0.0,-10.371085166931152,-1.4885451793670654,0.0,-113.37894439697266
1778337351.4163036,-9.613686561584473,0.0,-10.371085166931152,1.2235127687454224,0.0,-113.37894439697266
1778337351.4538107,-9.613686561584473,0.0,-10.371085166931152,1.2235127687454224,0.0,-113.37894439697266
1778337351.4854362,-9.767539024353027,0.0,-10.371085166931152,5.0644402503967285,0.0,-113.37894439697266
1778337351.5181882,-9.849000930786133,0.0,-10.371085166931152,7.198019981384277,0.0,-113.37894439697266
1778337351.5559158,-9.849000930786133,0.0,-10.371085166931152,7.198019981384277,0.0,-113.37894439697266
1778337351.587969,-9.9387845993042,0.0,-10.371085166931152,9.364968299865723,0.0,-113.37894439697266
1778337351.6204064,-9.97665023803711,0.0,-10.371085166931152,9.963522911071777,0.0,-113.37894439697266
1778337351.6573951,-9.99665355682373,0.0,-10.371085166931152,9.82459831237793,0.0,-113.37894439697266
1778337351.68783,-9.999895095825195,0.0,-10.371085166931152,9.479259490966797,0.0,-113.37894439697266
1778337351.719036,-9.992749214172363,0.0,-10.371085166931152,8.268099784851074,0.0,-113.37894439697266
1778337351.7555025,-9.992749214172363,0.0,-10.371085166931152,8.268099784851074,0.0,-113.37894439697266
1778337351.7876017,-9.947696685791016,0.0,-10.371085166931152,5.339349269866943,0.0,-113.37894439697266
1778337351.8190546,-9.894618034362793,0.0,-10.371085166931152,2.855764865875244,0.0,-113.37894439697266
1778337351.8553774,-9.894618034362793,0.0,-10.371085166931152,2.855764865875244,0.0,-113.37894439697266
1778337351.8877406,-9.780279159545898,0.0,-10.371085166931152,-1.2085014581680298,0.0,-113.37894439697266
1778337351.9190252,-9.680879592895508,0.0,-10.371085166931152,-3.849731922149658,0.0,-113.37894439697266
1778337351.9554112,-9.680879592895508,0.0,-10.371085166931152,-3.849731922149658,0.0,-113.37894439697266
1778337351.9874675,-9.497086524963379,0.0,-10.371085166931152,-7.21884822845459,0.0,-113.37894439697266
1778337352.020095,-9.35153865814209,0.0,-10.371085166931152,-8.824039459228516,0.0,-113.37894439697266
1778337352.0570567,-9.187710762023926,0.0,-10.371085166931152,-9.769195556640625,0.0,-113.37894439697266
1778337352.0874085,-9.098991394042969,0.0,-10.371085166931152,-9.969660758972168,0.0,-113.37894439697266
1778337352.1199694,-8.908058166503906,0.0,-10.371085166931152,-9.80677318572998,0.0,-113.37894439697266
1778337352.1571472,-8.699319839477539,0.0,-10.371085166931152,-8.90716552734375,0.0,-113.37894439697266
1778337352.1874874,-8.588354110717773,0.0,-10.371085166931152,-8.199779510498047,0.0,-113.37894439697266
1778337352.2199342,-8.35340690612793,0.0,-10.371085166931152,-6.335721015930176,0.0,-113.37894439697266
1778337352.2572103,-8.1013765335083,0.0,-10.371085166931152,-3.9933688640594482,0.0,-113.37894439697266
1778337352.2874715,-7.969066143035889,0.0,-10.371085166931152,-2.6967012882232666,0.0,-113.37894439697266
1778337352.3198159,-7.692095756530762,0.0,-10.371085166931152,0.025533391162753105,0.0,-113.37894439697266
1778337352.3570232,-7.399013519287109,0.0,-10.371085166931152,2.747351884841919,0.0,-113.37894439697266
1778337352.3873918,-7.246572017669678,0.0,-10.371085166931152,4.043368816375732,0.0,-113.37894439697266
1778337352.4198928,-6.930191993713379,0.0,-10.371085166931152,6.382710933685303,0.0,-113.37894439697266
1778337352.457027,-6.598918914794922,0.0,-10.371085166931152,8.239824295043945,0.0,-113.37894439697266
1778337352.4890134,-6.4278693199157715,0.0,-10.371085166931152,8.941547393798828,0.0,-113.37894439697266
1778337352.521543,-6.075309753417969,0.0,-10.371085166931152,9.824048042297363,0.0,-113.37894439697266
1778337352.5570393,-5.709318161010742,0.0,-10.371085166931152,9.960705757141113,0.0,-113.37894439697266
1778337352.5892246,-5.521487236022949,0.0,-10.371085166931152,9.743432998657227,0.0,-113.37894439697266
1778337352.6216364,-5.13657808303833,0.0,-10.371085166931152,8.757573127746582,0.0,-113.37894439697266
1778337352.6569068,-4.739932060241699,0.0,-10.371085166931152,7.103975772857666,0.0,-113.37894439697266
1778337352.6890452,-4.537437438964844,0.0,-10.371085166931152,6.064071178436279,0.0,-113.37894439697266
1778337352.7217112,-4.124584197998047,0.0,-10.371085166931152,3.656761884689331,0.0,-113.37894439697266
1778337352.7568893,-3.701908826828003,0.0,-10.371085166931152,0.9687482714653015,0.0,-113.37894439697266
1778337352.7869122,-3.4871439933776855,0.0,-10.371085166931152,-0.41685956716537476,0.0,-113.37894439697266
1778337352.819528,-3.051290273666382,0.0,-10.371085166931152,-3.1386969089508057,0.0,-113.37894439697266
1778337352.856779,-2.6077325344085693,0.0,-10.371085166931152,-5.621564865112305,0.0,-113.37894439697266
1778337352.8868804,-2.3833444118499756,0.0,-10.371085166931152,-6.712637424468994,0.0,-113.37894439697266
1778337352.919634,-1.9299254417419434,0.0,-10.371085166931152,-8.48885440826416,0.0,-113.37894439697266
1778337352.9564962,-1.4711016416549683,0.0,-10.371085166931152,-9.613848686218262,0.0,-113.37894439697266
1778337352.9867291,-1.2399636507034302,0.0,-10.371085166931152,-9.902595520019531,0.0,-113.37894439697266
1778337353.019786,-0.7748492360115051,0.0,-10.371085166931152,-9.904012680053711,0.0,-113.37894439697266
1778337353.0565474,-0.306784987449646,0.0,-10.371085166931152,-9.142364501953125,0.0,-113.37894439697266
1778337353.0868742,-0.0719643384218216,0.0,-10.371085166931152,-8.491137504577637,0.0,-113.37894439697266
1778337353.117717,0.398608535528183,0.0,-10.371085166931152,-6.71001672744751,0.0,-113.37894439697266
1778337353.1479347,0.6340994238853455,0.0,-10.371085166931152,-5.614415168762207,0.0,-113.37894439697266
1778337353.1805499,1.1048296689987183,0.0,-10.371085166931152,-3.118549346923828,0.0,-113.37894439697266
1778337353.2175853,1.5743345022201538,0.0,-10.371085166931152,-0.37996363639831543,0.0,-113.37894439697266
1778337353.247793,1.8082908391952515,0.0,-10.371085166931152,1.0144819021224976,0.0,-113.37894439697266
1778337353.2803664,2.2739338874816895,0.0,-10.371085166931152,3.7184700965881348,0.0,-113.37894439697266
1778337353.3176644,2.73564076423645,0.0,-10.371085166931152,6.135354042053223,0.0,-113.37894439697266
1778337353.3478775,2.9646763801574707,0.0,-10.371085166931152,7.176032543182373,0.0,-113.37894439697266
1778337353.3804846,3.4184253215789795,0.0,-10.371085166931152,8.82015609741211,0.0,-113.37894439697266
1778337353.417493,3.86549711227417,0.0,-10.371085166931152,9.778745651245117,0.0,-113.37894439697266
1778337353.4478333,4.086185932159424,0.0,-10.371085166931152,9.974998474121094,0.0,-113.37894439697266
1778337353.4805007,4.5211873054504395,0.0,-10.371085166931152,9.781489372253418,0.0,-113.37894439697266
1778337353.517401,4.946779251098633,0.0,-10.371085166931152,8.824501991271973,0.0,-113.37894439697266
1778337353.5478015,5.155709266662598,0.0,-10.371085166931152,8.080461502075195,0.0,-113.37894439697266
1778337353.5797343,5.565166473388672,0.0,-10.371085166931152,6.133337497711182,0.0,-113.37894439697266
1778337353.6155124,5.565166473388672,0.0,-10.371085166931152,6.133337497711182,0.0,-113.37894439697266
1778337353.647744,6.156363487243652,0.0,-10.371085166931152,2.3687684535980225,0.0,-113.37894439697266
1778337353.680054,6.533650875091553,0.0,-10.371085166931152,-0.41784074902534485,0.0,-113.37894439697266
1778337353.7173085,6.896274566650391,0.0,-10.371085166931152,-3.173175811767578,0.0,-113.37894439697266
1778337353.7476425,7.071775913238525,0.0,-10.371085166931152,-4.4709062576293945,0.0,-113.37894439697266
1778337353.7799208,7.410550594329834,0.0,-10.371085166931152,-6.778608798980713,0.0,-113.37894439697266
1778337353.8171089,7.732230186462402,0.0,-10.371085166931152,-8.554117202758789,0.0,-113.37894439697266
1778337353.8473861,7.886369705200195,0.0,-10.371085166931152,-9.196357727050781,0.0,-113.37894439697266
1778337353.8798616,8.180689811706543,0.0,-10.371085166931152,-9.925779342651367,0.0,-113.37894439697266
1778337353.9172392,8.45567512512207,0.0,-10.371085166931152,-9.872309684753418,0.0,-113.37894439697266
1778337353.9473026,8.58565616607666,0.0,-10.371085166931152,-9.550463676452637,0.0,-113.37894439697266
1778337353.9799013,8.830094337463379,0.0,-10.371085166931152,-8.34757137298584,0.0,-113.37894439697266
1778337354.0172493,9.05319881439209,0.0,-10.371085166931152,-6.483458995819092,0.0,-113.37894439697266
1778337354.0471048,9.156521797180176,0.0,-10.371085166931152,-5.347484111785889,0.0,-113.37894439697266
1778337354.0798392,9.346282005310059,0.0,-10.371085166931152,-2.7798187732696533,0.0,-113.37894439697266
1778337354.1169665,9.51298999786377,0.0,-10.371085166931152,0.0098205441609025,0.0,-113.37894439697266
1778337354.1471806,9.587510108947754,0.0,-10.371085166931152,1.4189772605895996,0.0,-113.37894439697266
1778337354.1798193,9.718533515930176,0.0,-10.371085166931152,4.125836372375488,0.0,-113.37894439697266
1778337354.2169626,9.82511043548584,0.0,-10.371085166931152,6.505861282348633,0.0,-113.37894439697266
1778337354.2490714,9.869086265563965,0.0,-10.371085166931152,7.512465000152588,0.0,-113.37894439697266
1778337354.2815268,9.938153266906738,0.0,-10.371085166931152,9.057948112487793,0.0,-113.37894439697266
1778337354.3167753,9.981742858886719,0.0,-10.371085166931152,9.881525039672852,0.0,-113.37894439697266
1778337354.3487961,9.99388599395752,0.0,-10.371085166931152,9.99924373626709,0.0,-113.37894439697266
1778337354.3812108,9.998710632324219,0.0,-10.371085166931152,9.633963584899902,0.0,-113.37894439697266
1778337354.4166067,9.977421760559082,0.0,-10.371085166931152,8.49766731262207,0.0,-113.37894439697266
1778337354.447017,9.956938743591309,0.0,-10.371085166931152,7.6661787033081055,0.0,-113.37894439697266
1778337354.4793863,9.896244049072266,0.0,-10.371085166931152,5.559192657470703,0.0,-113.37894439697266
1778337354.5164824,9.809225082397461,0.0,-10.371085166931152,3.0050547122955322,0.0,-113.37894439697266
1778337354.5470307,9.755852699279785,0.0,-10.371085166931152,1.6231932640075684,0.0,-113.37894439697266
1778337354.5795505,9.629443168640137,0.0,-10.371085166931152,-1.2114259004592896,0.0,-113.37894439697266
1778337354.6166263,9.47694206237793,0.0,-10.371085166931152,-3.9501078128814697,0.0,-113.37894439697266
1778337354.6471553,9.390974998474121,0.0,-10.371085166931152,-5.213718891143799,0.0,-113.37894439697266
1778337354.679579,9.199779510498047,0.0,-10.371085166931152,-7.401761054992676,0.0,-113.37894439697266
1778337354.7162426,8.983190536499023,0.0,-10.371085166931152,-8.993864059448242,0.0,-113.37894439697266
1778337354.747008,8.865497589111328,0.0,-10.371085166931152,-9.52376937866211,0.0,-113.37894439697266
1778337354.7795496,8.61160659790039,0.0,-10.371085166931152,-9.996976852416992,0.0,-113.37894439697266
1778337354.816412,8.33348560333252,0.0,-10.371085166931152,-9.661752700805664,0.0,-113.37894439697266
1778337354.8467972,8.185521125793457,0.0,-10.371085166931152,-9.196512222290039,0.0,-113.37894439697266
1778337354.8773339,7.872195243835449,0.0,-10.371085166931152,-7.717137813568115,0.0,-113.37894439697266
1778337354.907762,7.707010269165039,0.0,-10.371085166931152,-6.732848644256592,0.0,-113.37894439697266
1778337354.940297,7.360071182250977,0.0,-10.371085166931152,-4.374372482299805,0.0,-113.37894439697266
1778337354.9762805,6.991729736328125,0.0,-10.371085166931152,-1.659230351448059,0.0,-113.37894439697266
1778337355.007693,6.799807548522949,0.0,-10.371085166931152,-0.23606400191783905,0.0,-113.37894439697266
1778337355.039249,6.401048183441162,0.0,-10.371085166931152,2.5966951847076416,0.0,-113.37894439697266
1778337355.0753293,6.401048183441162,0.0,-10.371085166931152,2.5966951847076416,0.0,-113.37894439697266
1778337355.1076791,5.767514705657959,0.0,-10.371085166931152,6.383920669555664,0.0,-113.37894439697266
1778337355.1400363,5.323131084442139,0.0,-10.371085166931152,8.299894332885742,0.0,-113.37894439697266
1778337355.1760597,4.862464427947998,0.0,-10.371085166931152,9.538863182067871,0.0,-113.37894439697266
1778337355.2078073,4.626402854919434,0.0,-10.371085166931152,9.870047569274902,0.0,-113.37894439697266
1778337355.2398953,4.143612861633301,0.0,-10.371085166931152,9.921122550964355,0.0,-113.37894439697266
1778337355.2773256,3.647692918777466,0.0,-10.371085166931152,9.159550666809082,0.0,-113.37894439697266
1778337355.30781,3.3952319622039795,0.0,-10.371085166931152,8.490618705749512,0.0,-113.37894439697266
1778337355.3398514,2.8821816444396973,0.0,-10.371085166931152,6.644368648529053,0.0,-113.37894439697266
1778337355.375938,2.3594934940338135,0.0,-10.371085166931152,4.251393795013428,0.0,-113.37894439697266
1778337355.4077947,2.0949959754943848,0.0,-10.371085166931152,2.9097416400909424,0.0,-113.37894439697266
1778337355.4398928,1.5606392621994019,0.0,-10.371085166931152,0.07384983450174332,0.0,-113.37894439697266
1778337355.477053,1.0204217433929443,0.0,-10.371085166931152,-2.7696290016174316,0.0,-113.37894439697266
1778337355.507517,0.7486066818237305,0.0,-10.371085166931152,-4.120468616485596,0.0,-113.37894439697266
1778337355.5398183,0.20256437361240387,0.0,-10.371085166931152,-6.540696144104004,0.0,-113.37894439697266
1778337355.5760071,-0.3453395664691925,0.0,-10.371085166931152,-8.422060012817383,0.0,-113.37894439697266
1778337355.6074684,-0.6194759607315063,0.0,-10.371085166931152,-9.1096830368042,0.0,-113.37894439697266
1778337355.6398897,-1.1670790910720825,0.0,-10.371085166931152,-9.906949043273926,0.0,-113.37894439697266
1778337355.6771328,-1.712392807006836,0.0,-10.371085166931152,-9.884282112121582,0.0,-113.37894439697266
1778337355.7074025,-1.983664631843567,0.0,-10.371085166931152,-9.562954902648926,0.0,-113.37894439697266
1778337355.7398834,-2.522380828857422,0.0,-10.371085166931152,-8.332833290100098,0.0,-113.37894439697266
1778337355.7759557,-3.054582118988037,0.0,-10.371085166931152,-6.4101881980896,0.0,-113.37894439697266
1778337355.807494,-3.3177103996276855,0.0,-10.371085166931152,-5.236828804016113,0.0,-113.37894439697266
1778337355.8398492,-3.8369665145874023,0.0,-10.371085166931152,-2.587589740753174,0.0,-113.37894439697266
1778337355.8771348,-4.345489978790283,0.0,-10.371085166931152,0.27847468852996826,0.0,-113.37894439697266
1778337355.9072,-4.595205307006836,0.0,-10.371085166931152,1.7184686660766602,0.0,-113.37894439697266
1778337355.9396405,-5.084512710571289,0.0,-10.371085166931152,4.4621195793151855,0.0,-113.37894439697266
1778337355.975745,-5.558963775634766,0.0,-10.371085166931152,6.834725379943848,0.0,-113.37894439697266
1778337356.006976,-5.790116310119629,0.0,-10.371085166931152,7.818069934844971,0.0,-113.37894439697266
1778337356.0395367,-6.239288806915283,0.0,-10.371085166931152,9.275399208068848,0.0,-113.37894439697266
1778337356.0767722,-6.669665813446045,0.0,-10.371085166931152,9.957113265991211,0.0,-113.37894439697266
1778337356.106982,-6.877333641052246,0.0,-10.371085166931152,9.986169815063477,0.0,-113.37894439697266
1778337356.1394506,-7.276711940765381,0.0,-10.371085166931152,9.41679859161377,0.0,-113.37894439697266
1778337356.1754932,-7.653628349304199,0.0,-10.371085166931152,8.056792259216309,0.0,-113.37894439697266
1778337356.2070749,-7.833232402801514,0.0,-10.371085166931152,7.113231182098389,0.0,-113.37894439697266
1778337356.2395701,-8.173906326293945,0.0,-10.371085166931152,4.797558784484863,0.0,-113.37894439697266
1778337356.2767074,-8.488813400268555,0.0,-10.371085166931152,2.076939582824707,0.0,-113.37894439697266
1778337356.3069859,-8.636225700378418,0.0,-10.371085166931152,0.6353539228439331,0.0,-113.37894439697266
1778337356.3395507,-8.910252571105957,0.0,-10.371085166931152,-2.258514881134033,0.0,-113.37894439697266
1778337356.3753505,-9.15565299987793,0.0,-10.371085166931152,-4.963327884674072,0.0,-113.37894439697266
1778337356.4068632,-9.267302513122559,0.0,-10.371085166931152,-6.172200679779053,0.0,-113.37894439697266
1778337356.439228,-9.467915534973145,0.0,-10.371085166931152,-8.174630165100098,0.0,-113.37894439697266
1778337356.4766595,-9.637566566467285,0.0,-10.371085166931152,-9.486491203308105,0.0,-113.37894439697266
1778337356.506932,-9.710537910461426,0.0,-10.371085166931152,-9.84582233428955,0.0,-113.37894439697266
1778337356.5392451,-9.832334518432617,0.0,-10.371085166931152,-9.932385444641113,0.0,-113.37894439697266
1778337356.5752113,-9.921432495117188,0.0,-10.371085166931152,-9.176414489746094,0.0,-113.37894439697266
1778337356.6064475,-9.953554153442383,0.0,-10.371085166931152,-8.49942684173584,0.0,-113.37894439697266
1778337356.6376479,-9.992671012878418,0.0,-10.371085166931152,-6.6186418533325195,0.0,-113.37894439697266
1778337356.6679206,-9.999579429626465,0.0,-10.371085166931152,-5.454761028289795,0.0,-113.37894439697266
1778337356.7003856,-9.987927436828613,0.0,-10.371085166931152,-2.803394079208374,0.0,-113.37894439697266
1778337356.737685,-9.942181587219238,0.0,-10.371085166931152,0.08818735927343369,0.0,-113.37894439697266
1778337356.767878,-9.906498908996582,0.0,-10.371085166931152,1.5473679304122925,0.0,-113.37894439697266
1778337356.8001869,-9.809530258178711,0.0,-10.371085166931152,4.336713790893555,0.0,-113.37894439697266
1778337356.8375947,-9.678531646728516,0.0,-10.371085166931152,6.757064342498779,0.0,-113.37894439697266
1778337356.8677878,-9.600340843200684,0.0,-10.371085166931152,7.762283802032471,0.0,-113.37894439697266
1778337356.8992524,-9.418779373168945,0.0,-10.371085166931152,9.254631042480469,0.0,-113.37894439697266
1778337356.9353755,-9.418779373168945,0.0,-10.371085166931152,9.254631042480469,0.0,-113.37894439697266
1778337356.9663782,-9.084334373474121,0.0,-10.371085166931152,9.986406326293945,0.0,-113.37894439697266
1778337356.999132,-8.82080364227295,0.0,-10.371085166931152,9.406909942626953,0.0,-113.37894439697266
1778337357.0370777,-8.82080364227295,0.0,-10.371085166931152,9.406909942626953,0.0,-113.37894439697266
1778337357.0674527,-8.366469383239746,0.0,-10.371085166931152,7.056818008422852,0.0,-113.37894439697266
1778337357.0998943,-8.025500297546387,0.0,-10.371085166931152,4.697470664978027,0.0,-113.37894439697266
1778337357.1369767,-7.655245780944824,0.0,-10.371085166931152,1.9324307441711426,0.0,-113.37894439697266
1778337357.1672134,-7.459489822387695,0.0,-10.371085166931152,0.47121164202690125,0.0,-113.37894439697266
1778337357.199753,-7.047487735748291,0.0,-10.371085166931152,-2.4511168003082275,0.0,-113.37894439697266
1778337357.2371054,-6.609272480010986,0.0,-10.371085166931152,-5.1633477210998535,0.0,-113.37894439697266
1778337357.2671833,-6.380775451660156,0.0,-10.371085166931152,-6.366064071655273,0.0,-113.37894439697266
1778337357.299925,-5.905942440032959,0.0,-10.371085166931152,-8.334136009216309,0.0,-113.37894439697266
1778337357.3370728,-5.408652305603027,0.0,-10.371085166931152,-9.581818580627441,0.0,-113.37894439697266
1778337357.3674135,-5.152107238769531,0.0,-10.371085166931152,-9.898646354675293,0.0,-113.37894439697266
1778337357.3997521,-4.6243133544921875,0.0,-10.371085166931152,-9.883087158203125,0.0,-113.37894439697266
1778337357.4370203,-4.078440189361572,0.0,-10.371085166931152,-9.009774208068848,0.0,-113.37894439697266
1778337357.4673254,-3.7993171215057373,0.0,-10.371085166931152,-8.271965026855469,0.0,-113.37894439697266
1778337357.4997506,-3.2299280166625977,0.0,-10.371085166931152,-6.2735185623168945,0.0,-113.37894439697266
1778337357.5369556,-2.6473777294158936,0.0,-10.371085166931152,-3.7281312942504883,0.0,-113.37894439697266
1778337357.5672011,-2.3518199920654297,0.0,-10.371085166931152,-2.3179779052734375,0.0,-113.37894439697266
1778337357.5996966,-1.753479242324829,0.0,-10.371085166931152,0.6237886548042297,0.0,-113.37894439697266
1778337357.6368752,-1.1473358869552612,0.0,-10.371085166931152,3.5126450061798096,0.0,-113.37894439697266
1778337357.6672928,-0.8420367240905762,0.0,-10.371085166931152,4.857589244842529,0.0,-113.37894439697266
1778337357.6996741,-0.22840604186058044,0.0,-10.371085166931152,7.201155185699463,0.0,-113.37894439697266
1778337357.7368145,0.38734325766563416,0.0,-10.371085166931152,8.915987014770508,0.0,-113.37894439697266
1778337357.7736754,0.38734325766563416,0.0,-10.371085166931152,8.915987014770508,0.0,-113.37894439697266
1778337357.8079555,1.3098217248916626,0.0,-10.371085166931152,9.997048377990723,0.0,-113.37894439697266
1778337357.8403242,1.920596957206726,0.0,-10.371085166931152,9.62968635559082,0.0,-113.37894439697266
1778337357.877763,2.5252318382263184,0.0,-10.371085166931152,8.416654586791992,0.0,-113.37894439697266
1778337357.9079125,2.824503183364868,0.0,-10.371085166931152,7.523214817047119,0.0,-113.37894439697266
1778337357.9403176,3.4154720306396484,0.0,-10.371085166931152,5.260067462921143,0.0,-113.37894439697266
1778337357.9772944,3.9943771362304688,0.0,-10.371085166931152,2.5327186584472656,0.0,-113.37894439697266
1778337358.0077755,4.278574466705322,0.0,-10.371085166931152,1.0687869787216187,0.0,-113.37894439697266
1778337358.039178,4.835014343261719,0.0,-10.371085166931152,-1.898309588432312,0.0,-113.37894439697266
1778337358.0750353,4.835014343261719,0.0,-10.371085166931152,-1.898309588432312,0.0,-113.37894439697266
1778337358.1066725,5.635526180267334,0.0,-10.371085166931152,-5.959068298339844,0.0,-113.37894439697266
1778337358.1391392,6.1431989669799805,0.0,-10.371085166931152,-8.057024955749512,0.0,-113.37894439697266
1778337358.1771586,6.1431989669799805,0.0,-10.371085166931152,-8.057024955749512,0.0,-113.37894439697266
1778337358.2075331,6.860347270965576,0.0,-10.371085166931152,-9.827625274658203,0.0,-113.37894439697266
1778337358.2399168,7.305880546569824,0.0,-10.371085166931152,-9.93631649017334,0.0,-113.37894439697266
1778337358.2771213,7.723080158233643,0.0,-10.371085166931152,-9.163487434387207,0.0,-113.37894439697266
1778337358.3071887,7.920472621917725,0.0,-10.371085166931152,-8.464576721191406,0.0,-113.37894439697266
1778337358.3398895,8.29173469543457,0.0,-10.371085166931152,-6.518679618835449,0.0,-113.37894439697266
1778337358.3769257,8.63023853302002,0.0,-10.371085166931152,-3.9919281005859375,0.0,-113.37894439697266
1778337358.4073224,8.786709785461426,0.0,-10.371085166931152,-2.5792410373687744,0.0,-113.37894439697266
1778337358.4399662,9.073168754577637,0.0,-10.371085166931152,0.3876180350780487,0.0,-113.37894439697266
1778337358.4770272,9.3231782913208,0.0,-10.371085166931152,3.321415662765503,0.0,-113.37894439697266
1778337358.507403,9.434120178222656,0.0,-10.371085166931152,4.6933088302612305,0.0,-113.37894439697266
1778337358.53979,9.627172470092773,0.0,-10.371085166931152,7.093461990356445,0.0,-113.37894439697266
1778337358.577063,9.7809419631958,0.0,-10.371085166931152,8.860548973083496,0.0,-113.37894439697266
1778337358.6090398,9.842818260192871,0.0,-10.371085166931152,9.454329490661621,0.0,-113.37894439697266
1778337358.6413803,9.936086654663086,0.0,-10.371085166931152,9.99505615234375,0.0,-113.37894439697266
1778337358.6769118,9.988202095031738,0.0,-10.371085166931152,9.639994621276855,0.0,-113.37894439697266
1778337358.7089446,9.998677253723145,0.0,-10.371085166931152,9.132949829101562,0.0,-113.37894439697266
1778337358.7413685,9.98825740814209,0.0,-10.371085166931152,7.515964031219482,0.0,-113.37894439697266
1778337358.7767618,9.935860633850098,0.0,-10.371085166931152,5.222599029541016,0.0,-113.37894439697266
1778337358.807167,9.893905639648438,0.0,-10.371085166931152,3.8845088481903076,0.0,-113.37894439697266
1778337358.8392308,9.778555870056152,0.0,-10.371085166931152,0.9757855534553528,0.0,-113.37894439697266
1778337358.8766763,9.621508598327637,0.0,-10.371085166931152,-2.022343158721924,0.0,-113.37894439697266
1778337358.9070117,9.527475357055664,0.0,-10.371085166931152,-3.4701292514801025,0.0,-113.37894439697266
1778337358.9396524,9.30874252319336,0.0,-10.371085166931152,-6.099462985992432,0.0,-113.37894439697266
1778337358.9767618,9.049725532531738,0.0,-10.371085166931152,-8.17903995513916,0.0,-113.37894439697266
1778337359.006672,8.905379295349121,0.0,-10.371085166931152,-8.951200485229492,0.0,-113.37894439697266
1778337359.0378163,8.58764934539795,0.0,-10.371085166931152,-9.872121810913086,0.0,-113.37894439697266
1778337359.0678039,8.414554595947266,0.0,-10.371085166931152,-9.999591827392578,0.0,-113.37894439697266
1778337359.10051,8.040706634521484,0.0,-10.371085166931152,-9.573232650756836,0.0,-113.37894439697266
1778337359.1376548,7.6311821937561035,0.0,-10.371085166931152,-8.2781400680542,0.0,-113.37894439697266
1778337359.1679738,7.413530349731445,0.0,-10.371085166931152,-7.338306903839111,0.0,-113.37894439697266
1778337359.2004936,6.953519344329834,0.0,-10.371085166931152,-4.980198860168457,0.0,-113.37894439697266
1778337359.2377086,6.462109565734863,0.0,-10.371085166931152,-2.167916774749756,0.0,-113.37894439697266
1778337359.267923,6.205246925354004,0.0,-10.371085166931152,-0.6702404618263245,0.0,-113.37894439697266
1778337359.3002825,5.6705217361450195,0.0,-10.371085166931152,2.3376524448394775,0.0,-113.37894439697266
1778337359.3374393,5.109657287597656,0.0,-10.371085166931152,5.133881568908691,0.0,-113.37894439697266
1778337359.3677995,4.820152759552002,0.0,-10.371085166931152,6.371364116668701,0.0,-113.37894439697266
1778337359.400271,4.224531173706055,0.0,-10.371085166931152,8.38319206237793,0.0,-113.37894439697266
1778337359.4376714,3.608891248703003,0.0,-10.371085166931152,9.6295804977417,0.0,-113.37894439697266
1778337359.4678357,3.29439115524292,0.0,-10.371085166931152,9.926660537719727,0.0,-113.37894439697266
1778337359.499088,2.6537411212921143,0.0,-10.371085166931152,9.833707809448242,0.0,-113.37894439697266
1778337359.5353818,2.6537411212921143,0.0,-10.371085166931152,9.833707809448242,0.0,-113.37894439697266
1778337359.5668335,1.6689527034759521,0.0,-10.371085166931152,8.029130935668945,0.0,-113.37894439697266
1778337359.6000707,1.0008031129837036,0.0,-10.371085166931152,5.8749918937683105,0.0,-113.37894439697266
1778337359.637363,0.3268481194972992,0.0,-10.371085166931152,3.179880380630493,0.0,-113.37894439697266
1778337359.667654,-0.011352548375725746,0.0,-10.371085166931152,1.7053098678588867,0.0,-113.37894439697266
1778337359.6998909,-0.6882685422897339,0.0,-10.371085166931152,-1.3283177614212036,0.0,-113.37894439697266
1778337359.7372122,-1.3632721900939941,0.0,-10.371085166931152,-4.241080284118652,0.0,-113.37894439697266
1778337359.7675648,-1.6990777254104614,0.0,-10.371085166931152,-5.567026615142822,0.0,-113.37894439697266
1778337359.7998972,-2.3653335571289062,0.0,-10.371085166931152,-7.804580211639404,0.0,-113.37894439697266
1778337359.8370643,-3.0218350887298584,0.0,-10.371085166931152,-9.322354316711426,0.0,-113.37894439697266
1778337359.867385,-3.345451831817627,0.0,-10.371085166931152,-9.76413345336914,0.0,-113.37894439697266
1778337359.900044,-3.981480836868286,0.0,-10.371085166931152,-9.961519241333008,0.0,-113.37894439697266
1778337359.9372282,-4.600019454956055,0.0,-10.371085166931152,-9.236519813537598,0.0,-113.37894439697266
1778337359.9671125,-4.9017863273620605,0.0,-10.371085166931152,-8.545458793640137,0.0,-113.37894439697266
1778337359.999936,-5.488463401794434,0.0,-10.371085166931152,-6.585597515106201,0.0,-113.37894439697266
1778337360.0370858,-6.050256252288818,0.0,-10.371085166931152,-4.013347148895264,0.0,-113.37894439697266
1778337360.0670354,-6.320939064025879,0.0,-10.371085166931152,-2.5703208446502686,0.0,-113.37894439697266
1778337360.0997648,-6.840171813964844,0.0,-10.371085166931152,0.4619903862476349,0.0,-113.37894439697266
1778337360.1371384,-7.327703952789307,0.0,-10.371085166931152,3.452807903289795,0.0,-113.37894439697266
1778337360.1688724,-7.558791160583496,0.0,-10.371085166931152,4.84470796585083,0.0,-113.37894439697266
1778337360.2016277,-7.994103908538818,0.0,-10.371085166931152,7.258822917938232,0.0,-113.37894439697266
1778337360.2368248,-8.391704559326172,0.0,-10.371085166931152,8.996781349182129,0.0,-113.37894439697266
1778337360.2671661,-8.575691223144531,0.0,-10.371085166931152,9.558233261108398,0.0,-113.37894439697266
1778337360.2996519,-8.9127836227417,0.0,-10.371085166931152,9.999629974365234,0.0,-113.37894439697266
1778337360.33675,-9.207169532775879,0.0,-10.371085166931152,9.505759239196777,0.0,-113.37894439697266
1778337360.3669376,-9.337818145751953,0.0,-10.371085166931152,8.918743133544922,0.0,-113.37894439697266
1778337360.399596,-9.565077781677246,0.0,-10.371085166931152,7.13253116607666,0.0,-113.37894439697266
1778337360.4369307,-9.745841026306152,0.0,-10.371085166931152,4.676477432250977,0.0,-113.37894439697266
1778337360.4670277,-9.818421363830566,0.0,-10.371085166931152,3.2670798301696777,0.0,-113.37894439697266
1778337360.4996376,-9.92737102508545,0.0,-10.371085166931152,0.25079044699668884,0.0,-113.37894439697266
1778337360.5366418,-9.987397193908691,0.0,-10.371085166931152,-2.7905712127685547,0.0,-113.37894439697266
1778337360.5667884,-9.998879432678223,0.0,-10.371085166931152,-4.2305827140808105,0.0,-113.37894439697266
1778337360.5977385,-9.98454475402832,0.0,-10.371085166931152,-6.779330730438232,0.0,-113.37894439697266
1778337360.6278212,-9.95867919921875,0.0,-10.371085166931152,-7.82749080657959,0.0,-113.37894439697266
1778337360.6590986,-9.869547843933105,0.0,-10.371085166931152,-9.347078323364258,0.0,-113.37894439697266
1778337360.6956792,-9.869547843933105,0.0,-10.371085166931152,-9.347078323364258,0.0,-113.37894439697266
1778337360.7279294,-9.64280891418457,0.0,-10.371085166931152,-9.950557708740234,0.0,-113.37894439697266
1778337360.7603533,-9.430349349975586,0.0,-10.371085166931152,-9.17820930480957,0.0,-113.37894439697266
1778337360.7975786,-9.169767379760742,0.0,-10.371085166931152,-7.536785125732422,0.0,-113.37894439697266
1778337360.8277934,-9.02175521850586,0.0,-10.371085166931152,-6.435479640960693,0.0,-113.37894439697266
1778337360.859104,-8.69107437133789,0.0,-10.371085166931152,-3.801642656326294,0.0,-113.37894439697266
1778337360.8956845,-8.69107437133789,0.0,-10.371085166931152,-3.801642656326294,0.0,-113.37894439697266
1778337360.9275985,-8.111244201660156,0.0,-10.371085166931152,0.7397927045822144,0.0,-113.37894439697266
1778337360.9595988,-7.671372413635254,0.0,-10.371085166931152,3.7425246238708496,0.0,-113.37894439697266
1778337360.9941933,-7.671372413635254,0.0,-10.371085166931152,3.7425246238708496,0.0,-113.37894439697266
1778337361.0265758,-6.936702728271484,0.0,-10.371085166931152,7.500916004180908,0.0,-113.37894439697266
1778337361.0588999,-6.40041446685791,0.0,-10.371085166931152,9.160575866699219,0.0,-113.37894439697266
1778337361.0973303,-6.40041446685791,0.0,-10.371085166931152,9.160575866699219,0.0,-113.37894439697266
1778337361.1273472,-5.532715797424316,0.0,-10.371085166931152,9.986201286315918,0.0,-113.37894439697266
1778337361.1600435,-4.916228294372559,0.0,-10.371085166931152,9.348822593688965,0.0,-113.37894439697266
1778337361.197126,-4.272892951965332,0.0,-10.371085166931152,7.81733512878418,0.0,-113.37894439697266
1778337361.227359,-3.942167043685913,0.0,-10.371085166931152,6.758656978607178,0.0,-113.37894439697266
1778337361.259833,-3.2647035121917725,0.0,-10.371085166931152,4.181580066680908,0.0,-113.37894439697266
1778337361.2971745,-2.5688023567199707,0.0,-10.371085166931152,1.202457070350647,0.0,-113.37894439697266
1778337361.327329,-2.215059280395508,0.0,-10.371085166931152,-0.34954023361206055,0.0,-113.37894439697266
1778337361.3598354,-1.498294472694397,0.0,-10.371085166931152,-3.3920912742614746,0.0,-113.37894439697266
1778337361.396533,-0.772303581237793,0.0,-10.371085166931152,-6.110197067260742,0.0,-113.37894439697266
1778337361.434476,-0.772303581237793,0.0,-10.371085166931152,-6.110197067260742,0.0,-113.37894439697266
1778337361.465306,0.32555249333381653,0.0,-10.371085166931152,-9.020737648010254,0.0,-113.37894439697266
1778337361.4969397,1.0576549768447876,0.0,-10.371085166931152,-9.909576416015625,0.0,-113.37894439697266
1778337361.529097,1.422282338142395,0.0,-10.371085166931152,-9.997729301452637,0.0,-113.37894439697266
1778337361.56179,2.1462066173553467,0.0,-10.371085166931152,-9.449969291687012,0.0,-113.37894439697266
1778337361.5963182,2.85971736907959,0.0,-10.371085166931152,-7.989381313323975,0.0,-113.37894439697266
1778337361.6271687,3.2113335132598877,0.0,-10.371085166931152,-6.957329273223877,0.0,-113.37894439697266
1778337361.6597352,3.9018404483795166,0.0,-10.371085166931152,-4.413893222808838,0.0,-113.37894439697266
1778337361.6968508,4.572163105010986,0.0,-10.371085166931152,-1.4419153928756714,0.0,-113.37894439697266
1778337361.7290435,4.898567199707031,0.0,-10.371085166931152,0.1158798485994339,0.0,-113.37894439697266
1778337361.7615592,5.5315375328063965,0.0,-10.371085166931152,3.186211109161377,0.0,-113.37894439697266
1778337361.7967558,6.135043621063232,0.0,-10.371085166931152,5.948811054229736,0.0,-113.37894439697266
1778337361.8268423,6.424649238586426,0.0,-10.371085166931152,7.12881326675415,0.0,-113.37894439697266
1778337361.8595326,6.977448463439941,0.0,-10.371085166931152,8.94216251373291,0.0,-113.37894439697266
1778337361.8968568,7.492336750030518,0.0,-10.371085166931152,9.886387825012207,0.0,-113.37894439697266
1778337361.9270246,7.734596252441406,0.0,-10.371085166931152,9.999832153320312,0.0,-113.37894439697266
1778337361.9595785,8.186920166015625,0.0,-10.371085166931152,9.494660377502441,0.0,-113.37894439697266
1778337361.9966524,8.594042778015137,0.0,-10.371085166931152,8.063185691833496,0.0,-113.37894439697266
1778337362.0268776,8.779855728149414,0.0,-10.371085166931152,7.040098667144775,0.0,-113.37894439697266
1778337362.0593877,9.114521980285645,0.0,-10.371085166931152,4.503554344177246,0.0,-113.37894439697266
1778337362.0965621,9.398149490356445,0.0,-10.371085166931152,1.5254371166229248,0.0,-113.37894439697266
1778337362.126947,9.52022933959961,0.0,-10.371085166931152,-0.03928208351135254,0.0,-113.37894439697266
1778337362.15925,9.723884582519531,0.0,-10.371085166931152,-3.1284384727478027,0.0,-113.37894439697266
1778337362.1965418,9.8723726272583,0.0,-10.371085166931152,-5.912438869476318,0.0,-113.37894439697266
1778337362.2266514,9.92556381225586,0.0,-10.371085166931152,-7.102592945098877,0.0,-113.37894439697266
1778337362.2573862,9.98928451538086,0.0,-10.371085166931152,-8.932470321655273,0.0,-113.37894439697266
1778337362.287844,9.999650955200195,0.0,-10.371085166931152,-9.52669906616211,0.0,-113.37894439697266
1778337362.3201995,9.977143287658691,0.0,-10.371085166931152,-9.999820709228516,0.0,-113.37894439697266
1778337362.3573775,9.896886825561523,0.0,-10.371085166931152,-9.489097595214844,0.0,-113.37894439697266
1778337362.3877547,9.835144996643066,0.0,-10.371085166931152,-8.87633991241455,0.0,-113.37894439697266
1778337362.4189618,9.668707847595215,0.0,-10.371085166931152,-7.010746479034424,0.0,-113.37894439697266
1778337362.4553814,9.668707847595215,0.0,-10.371085166931152,-7.010746479034424,0.0,-113.37894439697266
1778337362.486523,9.31311321258545,0.0,-10.371085166931152,-2.9904391765594482,0.0,-113.37894439697266
1778337362.5191748,9.007044792175293,0.0,-10.371085166931152,0.11980779469013214,0.0,-113.37894439697266
1778337362.5573802,9.007044792175293,0.0,-10.371085166931152,0.11980779469013214,0.0,-113.37894439697266
1778337362.5875654,8.448264122009277,0.0,-10.371085166931152,4.669010162353516,0.0,-113.37894439697266
1778337362.6203113,8.01212215423584,0.0,-10.371085166931152,7.186420917510986,0.0,-113.37894439697266
1778337362.6571908,7.527767658233643,0.0,-10.371085166931152,8.992575645446777,0.0,-113.37894439697266
1778337362.687435,7.268326759338379,0.0,-10.371085166931152,9.569307327270508,0.0,-113.37894439697266
1778337362.7198627,6.716712951660156,0.0,-10.371085166931152,9.997602462768555,0.0,-113.37894439697266
1778337362.7570455,6.124056339263916,0.0,-10.371085166931152,9.432491302490234,0.0,-113.37894439697266
1778337362.7874663,5.8133769035339355,0.0,-10.371085166931152,8.790739059448242,0.0,-113.37894439697266
1778337362.8200436,5.165534019470215,0.0,-10.371085166931152,6.867917537689209,0.0,-113.37894439697266
1778337362.857212,4.485517501831055,0.0,-10.371085166931152,4.259925365447998,0.0,-113.37894439697266
1778337362.8872721,4.134673118591309,0.0,-10.371085166931152,2.7779319286346436,0.0,-113.37894439697266
1778337362.9198723,3.413884401321411,0.0,-10.371085166931152,-0.35739174485206604,0.0,-113.37894439697266
1778337362.9571607,2.671196699142456,0.0,-10.371085166931152,-3.458521604537964,0.0,-113.37894439697266
1778337362.9872723,2.293017625808716,0.0,-10.371085166931152,-4.898396015167236,0.0,-113.37894439697266
1778337363.0197902,1.5258252620697021,0.0,-10.371085166931152,-7.376218795776367,0.0,-113.37894439697266
1778337363.0570135,0.7480582594871521,0.0,-10.371085166931152,-9.116718292236328,0.0,-113.37894439697266
1778337363.0888057,0.3566851317882538,0.0,-10.371085166931152,-9.652215957641602,0.0,-113.37894439697266
1778337363.1215966,-0.42804497480392456,0.0,-10.371085166931152,-9.98568058013916,0.0,-113.37894439697266
1778337363.1571093,-1.2113869190216064,0.0,-10.371085166931152,-9.317084312438965,0.0,-113.37894439697266
1778337363.1889837,-1.6010178327560425,0.0,-10.371085166931152,-8.623723030090332,0.0,-113.37894439697266
1778337363.2216873,-2.373157024383545,0.0,-10.371085166931152,-6.6052327156066895,0.0,-113.37894439697266
1778337363.2569857,-3.131758689880371,0.0,-10.371085166931152,-3.921218156814575,0.0,-113.37894439697266
1778337363.2882304,-3.504478693008423,0.0,-10.371085166931152,-2.4118704795837402,0.0,-113.37894439697266
1778337363.3193796,-4.233786106109619,0.0,-10.371085166931152,0.7515445351600647,0.0,-113.37894439697266
1778337363.3568504,-4.937695503234863,0.0,-10.371085166931152,3.8406662940979004,0.0,-113.37894439697266
1778337363.3869193,-5.2786970138549805,0.0,-10.371085166931152,5.258731365203857,0.0,-113.37894439697266
1778337363.419372,-5.936015605926514,0.0,-10.371085166931152,7.662267684936523,0.0,-113.37894439697266
1778337363.4565516,-6.556845664978027,0.0,-10.371085166931152,9.292259216308594,0.0,-113.37894439697266
1778337363.4867113,-6.852283477783203,0.0,-10.371085166931152,9.761710166931152,0.0,-113.37894439697266
1778337363.5173934,-7.410735130310059,0.0,-10.371085166931152,9.949182510375977,0.0,-113.37894439697266
1778337363.5478516,-7.6728081703186035,0.0,-10.371085166931152,9.662056922912598,0.0,-113.37894439697266
1778337363.5803537,-8.160419464111328,0.0,-10.371085166931152,8.361603736877441,0.0,-113.37894439697266
1778337363.6174903,-8.596552848815918,0.0,-10.371085166931152,6.211836814880371,0.0,-113.37894439697266
1778337363.6478481,-8.794350624084473,0.0,-10.371085166931152,4.883491516113281,0.0,-113.37894439697266
1778337363.6792102,-9.14765739440918,0.0,-10.371085166931152,1.888280987739563,0.0,-113.37894439697266
1778337363.7154443,-9.14765739440918,0.0,-10.371085166931152,1.888280987739563,0.0,-113.37894439697266
1778337363.7465036,-9.567286491394043,0.0,-10.371085166931152,-2.8659276962280273,0.0,-113.37894439697266
1778337363.7789578,-9.770435333251953,0.0,-10.371085166931152,-5.739240646362305,0.0,-113.37894439697266
1778337363.8170776,-9.770435333251953,0.0,-10.371085166931152,-5.739240646362305,0.0,-113.37894439697266
1778337363.847554,-9.956229209899902,0.0,-10.371085166931152,-8.877877235412598,0.0,-113.37894439697266
1778337363.8798664,-9.999191284179688,0.0,-10.371085166931152,-9.876591682434082,0.0,-113.37894439697266
1778337363.9172983,-9.976690292358398,0.0,-10.371085166931152,-9.865976333618164,0.0,-113.37894439697266
1778337363.9474854,-9.940824508666992,0.0,-10.371085166931152,-9.477945327758789,0.0,-113.37894439697266
1778337363.9798489,-9.819968223571777,0.0,-10.371085166931152,-7.985245227813721,0.0,-113.37894439697266
1778337364.0171487,-9.634068489074707,0.0,-10.371085166931152,-5.673433303833008,0.0,-113.37894439697266
1778337364.0475144,-9.51700210571289,0.0,-10.371085166931152,-4.281414985656738,0.0,-113.37894439697266
1778337364.0798445,-9.235420227050781,0.0,-10.371085166931152,-1.2034319639205933,0.0,-113.37894439697266
1778337364.116935,-8.891938209533691,0.0,-10.371085166931152,1.9996401071548462,0.0,-113.37894439697266
1778337364.1475203,-8.697595596313477,0.0,-10.371085166931152,3.5448057651519775,0.0,-113.37894439697266
1778337364.179858,-8.26516056060791,0.0,-10.371085166931152,6.323252201080322,0.0,-113.37894439697266
1778337364.2172024,-7.776628017425537,0.0,-10.371085166931152,8.45179271697998,0.0,-113.37894439697266
1778337364.2473903,-7.5122575759887695,0.0,-10.371085166931152,9.200210571289062,0.0,-113.37894439697266
1778337364.279657,-6.9453840255737305,0.0,-10.371085166931152,9.967955589294434,0.0,-113.37894439697266
1778337364.3170679,-6.330705165863037,0.0,-10.371085166931152,9.707008361816406,0.0,-113.37894439697266
1778337364.3473287,-6.006659984588623,0.0,-10.371085166931152,9.19458293914795,0.0,-113.37894439697266
1778337364.3798268,-5.327785968780518,0.0,-10.371085166931152,7.471225261688232,0.0,-113.37894439697266
1778337364.4170299,-4.611595630645752,0.0,-10.371085166931152,4.973896026611328,0.0,-113.37894439697266
1778337364.4490938,-4.240973472595215,0.0,-10.371085166931152,3.513012647628784,0.0,-113.37894439697266
1778337364.4817255,-3.4777541160583496,0.0,-10.371085166931152,0.3558214604854584,0.0,-113.37894439697266
1778337364.516834,-2.6895134449005127,0.0,-10.371085166931152,-2.8397610187530518,0.0,-113.37894439697266
1778337364.5487432,-2.2876644134521484,0.0,-10.371085166931152,-4.347506523132324,0.0,-113.37894439697266
1778337364.5813506,-1.4719176292419434,0.0,-10.371085166931152,-6.986616134643555,0.0,-113.37894439697266
1778337364.616796,-0.6447622776031494,0.0,-10.371085166931152,-8.900459289550781,0.0,-113.37894439697266
1778337364.6468356,-0.22868093848228455,0.0,-10.371085166931152,-9.519267082214355,0.0,-113.37894439697266
1778337364.6777105,0.6048904061317444,0.0,-10.371085166931152,-9.999177932739258,0.0,-113.37894439697266
1778337364.7078996,1.0209298133850098,0.0,-10.371085166931152,-9.847330093383789,0.0,-113.37894439697266
1778337364.7406592,1.8478765487670898,0.0,-10.371085166931152,-8.778915405273438,0.0,-113.37894439697266
1778337364.7778747,2.663132667541504,0.0,-10.371085166931152,-6.793612480163574,0.0,-113.37894439697266
1778337364.8080359,3.0645675659179688,0.0,-10.371085166931152,-5.518309593200684,0.0,-113.37894439697266
1778337364.8408341,3.8514719009399414,0.0,-10.371085166931152,-2.568612575531006,0.0,-113.37894439697266
1778337364.8777113,4.612397193908691,0.0,-10.371085166931152,0.6512302160263062,0.0,-113.37894439697266
1778337364.9078188,4.981391429901123,0.0,-10.371085166931152,2.257366895675659,0.0,-113.37894439697266
1778337364.9392588,5.693085193634033,0.0,-10.371085166931152,5.251378536224365,0.0,-113.37894439697266
1778337364.9754474,5.693085193634033,0.0,-10.371085166931152,5.251378536224365,0.0,-113.37894439697266
1778337365.0095756,6.034480571746826,0.0,-10.371085166931152,6.5601372718811035,0.0,-113.37894439697266
1778337365.040549,7.289228916168213,0.0,-10.371085166931152,9.792058944702148,0.0,-113.37894439697266
1778337365.0774019,7.84196662902832,0.0,-10.371085166931152,9.926351547241211,0.0,-113.37894439697266
1778337365.1076474,8.097783088684082,0.0,-10.371085166931152,9.598403930664062,0.0,-113.37894439697266
1778337365.139088,8.565855026245117,0.0,-10.371085166931152,8.194604873657227,0.05173642933368683,-113.29105377197266
1778337365.1756523,8.565855026245117,0.0,-10.371085166931152,8.194604873657227,-0.04155226796865463,-113.37894439697266
1778337365.209237,8.777203559875488,0.0,-10.371085166931152,7.155620098114014,0.0,-113.37894439697266
1778337365.2421496,9.461956977844238,0.0,-10.371085166931152,1.44366455078125,0.0,-113.37894439697266
1778337365.2770393,9.703202247619629,0.0,-10.371085166931152,-1.8064364194869995,0.0,-113.37894439697266
1778337365.307573,9.797560691833496,0.0,-10.371085166931152,-3.3815574645996094,0.0,-113.37894439697266
1778337365.3398387,9.932695388793945,0.0,-10.371085166931152,-6.223220348358154,0.0,-113.37894439697266
1778337365.3772323,9.995351791381836,0.0,-10.371085166931152,-8.40720272064209,0.0,-113.37894439697266
1778337365.4075322,9.999237060546875,0.0,-10.371085166931152,-9.176492691040039,0.0,-113.37894439697266
1778337365.4398952,9.951882362365723,0.0,-10.371085166931152,-9.966782569885254,0.0,-113.37894439697266
1778337365.4771013,9.831108093261719,0.0,-10.371085166931152,-9.699504852294922,0.0,-113.37894439697266
1778337365.5075262,9.7433443069458,0.0,-10.371085166931152,-9.17328929901123,0.0,-113.37894439697266
1778337365.5399034,9.513680458068848,0.0,-10.371085166931152,-7.4047980308532715,0.0,-113.37894439697266
1778337365.577028,9.213045120239258,0.0,-10.371085166931152,-4.847628593444824,0.0,-113.37894439697266
1778337365.6074505,9.036696434020996,0.0,-10.371085166931152,-3.3554818630218506,0.0,-113.37894439697266
1778337365.6398296,8.633392333984375,0.0,-10.371085166931152,-0.1425894945859909,0.0,-113.37894439697266
1778337365.6769803,8.164935111999512,0.0,-10.371085166931152,3.086994171142578,0.0,-113.37894439697266
1778337365.7073743,7.907264709472656,0.0,-10.371085166931152,4.599391460418701,0.0,-113.37894439697266
1778337365.740166,7.347293376922607,0.0,-10.371085166931152,7.216945171356201,0.0,-113.37894439697266
1778337365.776947,6.73116397857666,0.0,-10.371085166931152,9.064179420471191,0.0,-113.37894439697266
1778337365.8089516,6.403402328491211,0.0,-10.371085166931152,9.632962226867676,0.0,-113.37894439697266
1778337365.8415737,5.711446285247803,0.0,-10.371085166931152,9.983794212341309,0.0,-113.37894439697266
1778337365.8767774,4.975156784057617,0.0,-10.371085166931152,9.264939308166504,0.0,-113.37894439697266
1778337365.906954,4.592065334320068,0.0,-10.371085166931152,8.52365493774414,0.0,-113.37894439697266
1778337365.939038,3.7995352745056152,0.0,-10.371085166931152,6.376055717468262,0.0,-113.37894439697266
1778337365.9767036,2.9768292903900146,0.0,-10.371085166931152,3.5426018238067627,0.0,-113.37894439697266
1778337366.0072613,2.556082248687744,0.0,-10.371085166931152,1.9615211486816406,0.0,-113.37894439697266
1778337366.0395446,1.6997745037078857,0.0,-10.371085166931152,-1.3168312311172485,0.0,-113.37894439697266
1778337366.0765464,0.8291580677032471,0.0,-10.371085166931152,-4.454911708831787,0.0,-113.37894439697266
1778337366.1074138,0.39056196808815,0.0,-10.371085166931152,-5.864019870758057,0.0,-113.37894439697266
1778337366.139197,-0.48898595571517944,0.0,-10.371085166931152,-8.171801567077637,0.0,-113.37894439697266
1778337366.1765692,-1.365996241569519,0.0,-10.371085166931152,-9.598733901977539,0.0,-113.37894439697266
1778337366.207308,-1.8014135360717773,0.0,-10.371085166931152,-9.929085731506348,0.0,-113.37894439697266
1778337366.2375712,-2.6618072986602783,0.0,-10.371085166931152,-9.777963638305664,0.0,-113.37894439697266
1778337366.267941,-3.0850884914398193,0.0,-10.371085166931152,-9.30022144317627,0.0,-113.37894439697266
1778337366.3003519,-3.913628339767456,0.0,-10.371085166931152,-7.604155540466309,0.0,-113.37894439697266
1778337366.3375673,-4.712653160095215,0.0,-10.371085166931152,-5.083565711975098,0.0,-113.37894439697266
1778337366.3678894,-5.099084377288818,0.0,-10.371085166931152,-3.5963590145111084,0.0,-113.37894439697266
1778337366.4004092,-5.841883182525635,0.0,-10.371085166931152,-0.36956116557121277,0.0,-113.37894439697266
1778337366.4376242,-6.5395965576171875,0.0,-10.371085166931152,2.8988406658172607,0.0,-113.37894439697266
1778337366.4675877,-6.869744300842285,0.0,-10.371085166931152,4.436790466308594,0.0,-113.37894439697266
1778337366.4992247,-7.489213943481445,0.0,-10.371085166931152,7.110607624053955,0.0,-113.37894439697266
1778337366.5356114,-7.489213943481445,0.0,-10.371085166931152,7.110607624053955,0.0,-113.37894439697266
1778337366.5679271,-8.306878089904785,0.0,-10.371085166931152,9.603511810302734,0.0,-113.37894439697266
1778337366.6002183,-8.77090835571289,0.0,-10.371085166931152,9.98791790008545,0.0,-113.37894439697266
1778337366.6375268,-9.165342330932617,0.0,-10.371085166931152,9.282867431640625,0.0,-113.37894439697266
1778337366.667677,-9.335355758666992,0.0,-10.371085166931152,8.540864944458008,0.0,-113.37894439697266
1778337366.699222,-9.619074821472168,0.0,-10.371085166931152,6.378476142883301,0.0,-113.37894439697266
1778337366.735342,-9.619074821472168,0.0,-10.371085166931152,6.378476142883301,0.0,-113.37894439697266
1778337366.766617,-9.899280548095703,0.0,-10.371085166931152,1.9206740856170654,0.0,-113.37894439697266
1778337366.799029,-9.986488342285156,0.0,-10.371085166931152,-1.3876680135726929,0.0,-113.37894439697266
1778337366.8351014,-9.986488342285156,0.0,-10.371085166931152,-1.3876680135726929,0.0,-113.37894439697266
1778337366.8667645,-9.96529769897461,0.0,-10.371085166931152,-5.957806587219238,0.0,-113.37894439697266
1778337366.8991034,-9.849510192871094,0.0,-10.371085166931152,-8.255152702331543,0.0,-113.37894439697266
1778337366.935143,-9.849510192871094,0.0,-10.371085166931152,-8.255152702331543,0.0,-113.37894439697266
1778337366.9667203,-9.524858474731445,0.0,-10.371085166931152,-9.949970245361328,0.0,-113.37894439697266
1778337366.999089,-9.209880828857422,0.0,-10.371085166931152,-9.729321479797363,0.0,-113.37894439697266
1778337367.037327,-9.209880828857422,0.0,-10.371085166931152,-9.729321479797363,0.0,-113.37894439697266
1778337367.067317,-8.595268249511719,0.0,-10.371085166931152,-7.4290385246276855,0.0,-113.37894439697266
1778337367.0995464,-8.095246315002441,0.0,-10.371085166931152,-4.827000141143799,0.0,-113.37894439697266
1778337367.1369107,-7.527405738830566,0.0,-10.371085166931152,-1.6909866333007812,0.0,-113.37894439697266
1778337367.1688483,-7.219419002532959,0.0,-10.371085166931152,-0.02946159616112709,0.0,-113.37894439697266
1778337367.2015545,-6.558358192443848,0.0,-10.371085166931152,3.250924825668335,0.0,-113.37894439697266
1778337367.2368648,-5.841628551483154,0.0,-10.371085166931152,6.1731276512146,0.0,-113.37894439697266
1778337367.2689943,-5.464173793792725,0.0,-10.371085166931152,7.3960795402526855,0.0,-113.37894439697266
1778337367.3014863,-4.674914836883545,0.0,-10.371085166931152,9.19550895690918,0.0,-113.37894439697266
1778337367.3368528,-3.8452720642089844,0.0,-10.371085166931152,9.976028442382812,0.0,-113.37894439697266
1778337367.3689785,-3.417428731918335,0.0,-10.371085166931152,9.951913833618164,0.0,-113.37894439697266
1778337367.4013631,-2.540128231048584,0.0,-10.371085166931152,9.077325820922852,0.0,-113.37894439697266
1778337367.4368606,-1.640129566192627,0.0,-10.371085166931152,7.193382740020752,0.0,-113.37894439697266
1778337367.4685762,-1.183970332145691,0.0,-10.371085166931152,5.934118747711182,0.0,-113.37894439697266
1778337367.4993403,-0.2641419470310211,0.0,-10.371085166931152,2.9557461738586426,0.0,-113.37894439697266
1778337367.5367851,0.659187376499176,0.0,-10.371085166931152,-0.3532697260379791,0.0,-113.37894439697266
1778337367.566735,1.1197032928466797,0.0,-10.371085166931152,-2.0169570446014404,0.0,-113.37894439697266
1778337367.5995035,2.0334982872009277,0.0,-10.371085166931152,-5.130341529846191,0.0,-113.37894439697266
1778337367.6363413,2.9310810565948486,0.0,-10.371085166931152,-7.672228813171387,0.0,-113.37894439697266
1778337367.6668398,3.371352195739746,0.0,-10.371085166931152,-8.636423110961914,0.0,-113.37894439697266
1778337367.699204,4.230049133300781,0.0,-10.371085166931152,-9.81562328338623,0.0,-113.37894439697266
1778337367.736277,5.0533599853515625,0.0,-10.371085166931152,-9.896712303161621,0.0,-113.37894439697266
1778337367.76673,5.449459552764893,0.0,-10.371085166931152,-9.517219543457031,0.0,-113.37894439697266
1778337367.7969975,6.206140041351318,0.0,-10.371085166931152,-7.970442295074463,0.0,-113.37894439697266
1778337367.833959,6.206140041351318,0.0,-10.371085166931152,-7.970442295074463,0.0,-113.37894439697266
1778337367.8658464,7.2398552894592285,0.0,-10.371085166931152,-4.054503440856934,0.0,-113.37894439697266
1778337367.8968067,7.852363586425781,0.0,-10.371085166931152,-0.8057851195335388,0.0,-113.37894439697266
1778337367.9357789,7.852363586425781,0.0,-10.371085166931152,-0.8057851195335388,0.0,-113.37894439697266
1778337367.9661722,8.642141342163086,0.0,-10.371085166931152,4.121721267700195,0.0,-113.37894439697266
1778337367.9991395,9.075512886047363,0.0,-10.371085166931152,6.903951168060303,0.0,-113.37894439697266
1778337368.03895,9.429460525512695,0.0,-10.371085166931152,8.909307479858398,0.0,-113.37894439697266
1778337368.0771396,9.429460525512695,0.0,-10.371085166931152,8.909307479858398,0.0,-113.37894439697266
1778337368.109016,9.804113388061523,0.0,-10.371085166931152,9.993903160095215,0.0,-113.37894439697266
1778337368.141337,9.9459810256958,0.0,-10.371085166931152,9.31358528137207,0.0,-113.37894439697266
1778337368.1766217,9.999540328979492,0.0,-10.371085166931152,7.579866886138916,0.0,-113.37894439697266
1778337368.2070212,9.992912292480469,0.0,-10.371085166931152,6.374693870544434,0.0,-113.37894439697266
1778337368.239479,9.91269588470459,0.0,-10.371085166931152,3.457784414291382,0.0,-113.37894439697266
1778337368.276344,9.743583679199219,0.0,-10.371085166931152,0.1476956456899643,0.0,-113.37894439697266
1778337368.306778,9.626023292541504,0.0,-10.371085166931152,-1.5382472276687622,0.0,-113.37894439697266
1778337368.3375888,9.32600212097168,0.0,-10.371085166931152,-4.73245906829834,0.0,-113.37894439697266
1778337368.3673081,9.14413070678711,0.0,-10.371085166931152,-6.149303436279297,0.0,-113.37894439697266
1778337368.3979368,8.718510627746582,0.0,-10.371085166931152,-8.42047119140625,0.0,-113.37894439697266
1778337368.4351459,8.213404655456543,0.0,-10.371085166931152,-9.734831809997559,0.0,-113.37894439697266
1778337368.466306,7.932351589202881,0.0,-10.371085166931152,-9.981229782104492,0.0,-113.37894439697266
1778337368.4990084,7.316252708435059,0.0,-10.371085166931152,-9.616385459899902,0.0,-113.37894439697266
1778337368.5355275,7.316252708435059,0.0,-10.371085166931152,-9.616385459899902,0.0,-113.37894439697266
1778337368.5676336,6.267429351806641,0.0,-10.371085166931152,-7.060296058654785,0.0,-113.37894439697266
1778337368.5990381,5.494044303894043,0.0,-10.371085166931152,-4.298447132110596,0.0,-113.37894439697266
1778337368.6353934,5.494044303894043,0.0,-10.371085166931152,-4.298447132110596,0.0,-113.37894439697266
1778337368.667504,4.239870548248291,0.0,-10.371085166931152,0.6526021957397461,0.0,-113.37894439697266
1778337368.698159,3.351966381072998,0.0,-10.371085166931152,3.942528009414673,0.0,-113.37894439697266
1778337368.7347207,3.351966381072998,0.0,-10.371085166931152,3.942528009414673,0.0,-113.37894439697266
1778337368.7672408,1.9625226259231567,0.0,-10.371085166931152,7.9284987449646,0.0,-113.37894439697266
1778337368.799876,1.0101829767227173,0.0,-10.371085166931152,9.508012771606445,0.0,-113.37894439697266
1778337368.8372471,0.04721700772643089,0.0,-10.371085166931152,9.996745109558105,0.0,-113.37894439697266
1778337368.8673773,-0.4354623854160309,0.0,-10.371085166931152,9.808880805969238,0.0,-113.37894439697266
1778337368.8998995,-1.3975874185562134,0.0,-10.371085166931152,8.594745635986328,0.0,-113.37894439697266
1778337368.9372048,-2.3478870391845703,0.0,-10.371085166931152,6.39117431640625,0.0,-113.37894439697266
1778337368.9673,-2.8157973289489746,0.0,-10.371085166931152,4.993478298187256,0.0,-113.37894439697266
1778337368.9998152,-3.7315938472747803,0.0,-10.371085166931152,1.8072091341018677,0.0,-113.37894439697266
1778337369.0370226,-4.613442897796631,0.0,-10.371085166931152,-1.5888798236846924,0.0,-113.37894439697266
1778337369.067102,-5.038980484008789,0.0,-10.371085166931152,-3.242936849594116,0.0,-113.37894439697266
1778337369.099753,-5.854151248931885,0.0,-10.371085166931152,-6.223835468292236,0.0,-113.37894439697266
1778337369.137009,-6.614901065826416,0.0,-10.371085166931152,-8.486673355102539,0.0,-113.37894439697266
1778337369.1670847,-6.972522258758545,0.0,-10.371085166931152,-9.262572288513184,0.0,-113.37894439697266
1778337369.200207,-7.63785457611084,0.0,-10.371085166931152,-9.99008846282959,0.0,-113.37894439697266
1778337369.2370071,-7.63785457611084,0.0,-10.371085166931152,-9.99008846282959,0.0,-113.37894439697266
1778337369.268855,-8.498992919921875,0.0,-10.371085166931152,-8.921850204467773,0.0,-113.37894439697266
1778337369.3014948,-8.973417282104492,0.0,-10.371085166931152,-6.888162612915039,0.0,-113.37894439697266
1778337369.3369958,-9.362320899963379,0.0,-10.371085166931152,-4.0537848472595215,0.0,-113.37894439697266
1778337369.3672576,-9.523397445678711,0.0,-10.371085166931152,-2.4362611770629883,0.0,-113.37894439697266
1778337369.3997998,-9.776644706726074,0.0,-10.371085166931152,0.9644474387168884,0.0,-113.37894439697266
1778337369.436823,-9.935775756835938,0.0,-10.371085166931152,4.254415988922119,0.0,-113.37894439697266
1778337369.4690328,-9.979416847229004,0.0,-10.371085166931152,5.736345291137695,0.0,-113.37894439697266
1778337369.5015252,-9.994093894958496,0.0,-10.371085166931152,8.157511711120605,0.0,-113.37894439697266
1778337369.5367196,-9.911630630493164,0.0,-10.371085166931152,9.628254890441895,0.0,-113.37894439697266
1778337369.5671089,-9.834071159362793,0.0,-10.371085166931152,9.948188781738281,0.0,-113.37894439697266
1778337369.599527,-9.607008934020996,0.0,-10.371085166931152,9.709458351135254,0.0,-113.37894439697266
1778337369.6361134,-9.285669326782227,0.0,-10.371085166931152,8.33554744720459,0.0,-113.37894439697266
1778337369.6666532,-9.090482711791992,0.0,-10.371085166931152,7.2678680419921875,0.0,-113.37894439697266
1778337369.69715,-8.63325309753418,0.0,-10.371085166931152,4.526687145233154,0.0,-113.37894439697266
1778337369.7339566,-8.63325309753418,0.0,-10.371085166931152,4.526687145233154,0.0,-113.37894439697266
1778337369.766146,-7.788492679595947,0.0,-10.371085166931152,-0.46336379647254944,0.0,-113.37894439697266
1778337369.7970057,-7.1270222663879395,0.0,-10.371085166931152,-3.8076367378234863,0.0,-113.37894439697266
1778337369.8355756,-7.1270222663879395,0.0,-10.371085166931152,-3.8076367378234863,0.0,-113.37894439697266
1778337369.866528,-6.003016471862793,0.0,-10.371085166931152,-7.878561973571777,0.0,-113.37894439697266
1778337369.8973703,-5.17629337310791,0.0,-10.371085166931152,-9.496077537536621,0.0,-113.37894439697266
1778337369.93426,-5.17629337310791,0.0,-10.371085166931152,-9.496077537536621,0.0,-113.37894439697266
1778337369.9658046,-3.840158462524414,0.0,-10.371085166931152,-9.80368709564209,0.0,-113.37894439697266
1778337369.997151,-2.8980889320373535,0.0,-10.371085166931152,-8.558895111083984,0.0,-113.37894439697266
1778337370.0341632,-2.8980889320373535,0.0,-10.371085166931152,-8.558895111083984,0.0,-113.37894439697266
1778337370.0660186,-1.4312636852264404,0.0,-10.371085166931152,-4.876462936401367,0.0,-113.37894439697266
1778337370.0986016,-0.4317733347415924,0.0,-10.371085166931152,-1.6321077346801758,0.0,-113.37894439697266
1778337370.13871,0.5733231902122498,0.0,-10.371085166931152,1.8066295385360718,0.0,-113.37894439697266
1778337370.1748478,0.5733231902122498,0.0,-10.371085166931152,1.8066295385360718,0.0,-113.37894439697266
1778337370.2060473,2.06925368309021,0.0,-10.371085166931152,6.444945812225342,0.0,-113.37894439697266
1778337370.237959,3.043919801712036,0.0,-10.371085166931152,8.656061172485352,0.0,-113.37894439697266
1778337370.2746937,3.043919801712036,0.0,-10.371085166931152,8.656061172485352,0.0,-113.37894439697266
1778337370.3064132,4.446996688842773,0.0,-10.371085166931152,9.99986743927002,0.0,-113.37894439697266
1778337370.339194,5.328982353210449,0.0,-10.371085166931152,9.423389434814453,0.0,-113.37894439697266
1778337370.3772597,5.328982353210449,0.0,-10.371085166931152,9.423389434814453,0.0,-113.37894439697266
1778337370.4155803,6.923676013946533,0.0,-10.371085166931152,5.109589576721191,0.0,-113.37894439697266
1778337370.4465814,7.280887126922607,0.0,-10.371085166931152,3.5497639179229736,0.0,-113.37894439697266
1778337370.479175,7.9387335777282715,0.0,-10.371085166931152,0.15947890281677246,0.0,-113.37894439697266
1778337370.5087943,8.237598419189453,0.0,-10.371085166931152,-1.5692912340164185,0.0,-113.37894439697266
1778337370.540558,8.771154403686523,0.0,-10.371085166931152,-4.83594274520874,0.0,-113.37894439697266
1778337370.5760317,9.21435832977295,0.0,-10.371085166931152,-7.526577949523926,0.0,-113.37894439697266
1778337370.6063097,9.400496482849121,0.0,-10.371085166931152,-8.551369667053223,0.0,-113.37894439697266
1778337370.6377814,9.699199676513672,0.0,-10.371085166931152,-9.805773735046387,0.0,-113.37894439697266
1778337370.6678178,9.810894012451172,0.0,-10.371085166931152,-9.997222900390625,0.0,-113.37894439697266
1778337370.6989815,9.957276344299316,0.0,-10.371085166931152,-9.478946685791016,0.0,-113.37894439697266
1778337370.7356422,9.957276344299316,0.0,-10.371085166931152,-9.478946685791016,0.0,-113.37894439697266
1778337370.7663376,9.981256484985352,0.0,-10.371085166931152,-6.628059387207031,0.0,-113.37894439697266
1778337370.7992291,9.866040229797363,0.0,-10.371085166931152,-3.675400972366333,0.0,-113.37894439697266
1778337370.8356276,9.866040229797363,0.0,-10.371085166931152,-3.675400972366333,0.0,-113.37894439697266
1778337370.8665998,9.498488426208496,0.0,-10.371085166931152,1.45707368850708,0.0,-113.37894439697266
1778337370.8990293,9.126859664916992,0.0,-10.371085166931152,4.748714923858643,0.0,-113.37894439697266
1778337370.9355543,9.126859664916992,0.0,-10.371085166931152,4.748714923858643,0.0,-113.37894439697266
1778337370.9677186,8.388456344604492,0.0,-10.371085166931152,8.510583877563477,0.0,-113.37894439697266
1778337371.000098,7.782674789428711,0.0,-10.371085166931152,9.793013572692871,0.0,-113.37894439697266
1778337371.037251,7.093101978302002,0.0,-10.371085166931152,9.8945894241333,0.0,-113.37894439697266
1778337371.0672789,6.719069957733154,0.0,-10.371085166931152,9.492501258850098,0.0,-113.37894439697266
1778337371.099991,5.9173479080200195,0.0,-10.371085166931152,7.842381000518799,0.0,-113.37894439697266
1778337371.1372511,5.051122665405273,0.0,-10.371085166931152,5.243352890014648,0.0,-113.37894439697266
1778337371.1673164,4.596635818481445,0.0,-10.371085166931152,3.6823410987854004,0.0,-113.37894439697266
1778337371.199867,3.650911331176758,0.0,-10.371085166931152,0.2733699381351471,0.0,-113.37894439697266
1778337371.2371278,2.66460919380188,0.0,-10.371085166931152,-3.1701955795288086,0.0,-113.37894439697266
1778337371.2671409,2.159517765045166,0.0,-10.371085166931152,-4.7732415199279785,0.0,-113.37894439697266
1778337371.2997077,1.132232666015625,0.0,-10.371085166931152,-7.4980573654174805,0.0,-113.37894439697266
1778337371.3370538,0.091408371925354,0.0,-10.371085166931152,-9.31344223022461,0.0,-113.37894439697266
1778337371.3672264,-0.4305567145347595,0.0,-10.371085166931152,-9.805619239807129,0.0,-113.37894439697266
1778337371.3998272,-1.470479965209961,0.0,-10.371085166931152,-9.883087158203125,0.0,-113.37894439697266
1778337371.4369507,-2.495572805404663,0.0,-10.371085166931152,-8.757667541503906,0.0,-113.37894439697266
1778337371.4673688,-2.9990220069885254,0.0,-10.371085166931152,-7.780824184417725,0.0,-113.37894439697266
1778337371.4999082,-3.980760097503662,0.0,-10.371085166931152,-5.147022724151611,0.0,-113.37894439697266
1778337371.536945,-4.919888019561768,0.0,-10.371085166931152,-1.884230375289917,0.0,-113.37894439697266
1778337371.5687952,-5.370169639587402,0.0,-10.371085166931152,-0.13944722712039948,0.0,-113.37894439697266
1778337371.6008902,-6.225833892822266,0.0,-10.371085166931152,3.310297727584839,0.0,-113.37894439697266
1778337371.6361268,-7.0136308670043945,0.0,-10.371085166931152,6.356820106506348,0.0,-113.37894439697266
1778337371.6665404,-7.379241943359375,0.0,-10.371085166931152,7.609000205993652,0.0,-113.37894439697266
1778337371.6978688,-8.048640251159668,0.0,-10.371085166931152,9.378671646118164,0.0,-113.37894439697266
1778337371.7282076,-8.35049057006836,0.0,-10.371085166931152,9.841218948364258,0.0,-113.37894439697266
1778337371.760689,-8.884088516235352,0.0,-10.371085166931152,9.849815368652344,0.0,-113.37894439697266
1778337371.799048,-9.319080352783203,0.0,-10.371085166931152,8.649956703186035,0.0,-113.37894439697266
1778337371.8345914,-9.319080352783203,0.0,-10.371085166931152,8.649956703186035,0.0,-113.37894439697266
1778337371.8670015,-9.775562286376953,0.0,-10.371085166931152,4.939779281616211,0.0,-113.37894439697266
1778337371.8996427,-9.943682670593262,0.0,-10.371085166931152,1.6340454816818237,0.0,-113.37894439697266
1778337371.9365737,-10.0,0.0,-10.371085166931152,-1.8741990327835083,0.0,-113.37894439697266
1778337371.966761,-9.985860824584961,0.0,-10.371085166931152,-3.5688529014587402,0.0,-113.37894439697266
1778337371.9983876,-9.87293529510498,0.0,-10.371085166931152,-6.577611923217773,0.0,-113.37894439697266
1778337372.034566,-9.87293529510498,0.0,-10.371085166931152,-6.577611923217773,0.0,-113.37894439697266
1778337372.0666711,-9.494179725646973,0.0,-10.371085166931152,-9.481945991516113,0.0,-113.37894439697266
1778337372.0971007,-9.105709075927734,0.0,-10.371085166931152,-9.99549674987793,0.0,-113.37894439697266
1778337372.127759,-8.872085571289062,0.0,-10.371085166931152,-9.787089347839355,0.0,-113.37894439697266
1778337372.1599498,-8.329161643981934,0.0,-10.371085166931152,-8.471158027648926,0.0,-113.37894439697266
1778337372.197756,-7.690338611602783,0.0,-10.371085166931152,-6.10615348815918,0.0,-113.37894439697266
1778337372.2358649,-7.690338611602783,0.0,-10.371085166931152,-6.10615348815918,0.0,-113.37894439697266
1778337372.2664762,-6.567872047424316,0.0,-10.371085166931152,-1.2566449642181396,0.0,-113.37894439697266
1778337372.297335,-5.722178936004639,0.0,-10.371085166931152,2.2611935138702393,0.0,-113.37894439697266
1778337372.3277876,-5.2735915184021,0.0,-10.371085166931152,3.941986560821533,0.0,-113.37894439697266
1778337372.3590603,-4.331262111663818,0.0,-10.371085166931152,6.885741710662842,0.0,-113.37894439697266
1778337372.3976378,-4.331262111663818,0.0,-10.371085166931152,6.885741710662842,0.0,-113.37894439697266
1778337372.4385095,-2.304295539855957,0.0,-10.371085166931152,9.947869300842285,0.0,-113.37894439697266
1778337372.4748797,-2.304295539855957,0.0,-10.371085166931152,9.947869300842285,0.0,-113.37894439697266
1778337372.5064957,-0.705510675907135,0.0,-10.371085166931152,9.089238166809082,0.0,-113.37894439697266
1778337372.5377991,0.37478208541870117,0.0,-10.371085166931152,7.07294225692749,0.0,-113.37894439697266
1778337372.5760155,0.37478208541870117,0.0,-10.371085166931152,7.07294225692749,0.0,-113.37894439697266
1778337372.6064708,1.985397219657898,0.0,-10.371085166931152,2.501354455947876,0.0,-113.37894439697266
1778337372.6387181,3.034189462661743,0.0,-10.371085166931152,-1.0242512226104736,0.0,-113.37894439697266
1778337372.6761928,4.048505783081055,0.0,-10.371085166931152,-4.423232078552246,0.0,-113.37894439697266
1778337372.7063038,4.538942337036133,0.0,-10.371085166931152,-5.94012451171875,0.0,-113.37894439697266
1778337372.737261,5.4790358543396,0.0,-10.371085166931152,-8.370426177978516,0.0,-113.37894439697266
1778337372.7742646,5.4790358543396,0.0,-10.371085166931152,-8.370426177978516,0.0,-113.37894439697266
1778337372.8058808,6.7663254737854,0.0,-10.371085166931152,-9.989912986755371,0.0,-113.37894439697266
1778337372.837177,7.527431488037109,0.0,-10.371085166931152,-9.519387245178223,0.0,-113.37894439697266
1778337372.8741198,7.527431488037109,0.0,-10.371085166931152,-9.519387245178223,0.0,-113.37894439697266
1778337372.9058564,8.500151634216309,0.0,-10.371085166931152,-6.63055944442749,0.0,-113.37894439697266
1778337372.9375076,9.024261474609375,0.0,-10.371085166931152,-3.6002073287963867,0.048800189048051834,-113.29105377197266
1778337372.9677386,9.24640941619873,0.0,-10.371085166931152,-1.8878952264785767,-0.048744361847639084,-113.37894439697266
1778337372.998984,9.607336044311523,0.0,-10.371085166931152,1.6613608598709106,0.0,-113.37894439697266
1778337373.0353334,9.607336044311523,0.0,-10.371085166931152,1.6613608598709106,0.0,-113.37894439697266
1778337373.0675304,9.932084083557129,0.0,-10.371085166931152,6.461000442504883,0.0,-113.37894439697266
1778337373.0990639,9.999772071838379,0.0,-10.371085166931152,8.722067832946777,0.0,-113.37894439697266
1778337373.1353214,9.999772071838379,0.0,-10.371085166931152,8.722067832946777,0.0,-113.37894439697266
1778337373.1675332,9.87502384185791,0.0,-10.371085166931152,9.996864318847656,0.0,-113.37894439697266
1778337373.1988783,9.64187240600586,0.0,-10.371085166931152,9.276719093322754,0.0,-113.37894439697266
1778337373.2352765,9.64187240600586,0.0,-10.371085166931152,9.276719093322754,0.0,-113.37894439697266
1778337373.2662363,9.07321834564209,0.0,-10.371085166931152,6.0629777908325195,0.0,-113.37894439697266
1778337373.2990234,8.5543212890625,0.0,-10.371085166931152,2.8918848037719727,0.0,-113.37894439697266
1778337373.335343,8.5543212890625,0.0,-10.371085166931152,2.8918848037719727,0.0,-113.37894439697266
1778337373.366739,7.581173419952393,0.0,-10.371085166931152,-2.4153013229370117,0.0,-113.37894439697266
1778337373.3992195,6.813620567321777,0.0,-10.371085166931152,-5.665829181671143,0.04873352497816086,-113.29105377197266
1778337373.4372227,6.813620567321777,0.0,-10.371085166931152,-5.665829181671143,-0.03954793140292168,-113.37894439697266
1778337373.4671235,5.506871700286865,0.0,-10.371085166931152,-9.087435722351074,0.0,-113.37894439697266
1778337373.4998639,4.5473408699035645,0.0,-10.371085166931152,-9.974285125732422,0.04870103299617767,-113.29105377197266
1778337373.536833,3.5305497646331787,0.0,-10.371085166931152,-9.59031867980957,-0.041460178792476654,-113.37894439697266
1778337373.5691178,3.004530191421509,0.0,-10.371085166931152,-8.930262565612793,0.0,-113.37894439697266
1778337373.6015828,1.9253000020980835,0.0,-10.371085166931152,-6.7784647941589355,0.0,-113.37894439697266
1778337373.6367784,0.820936918258667,0.0,-10.371085166931152,-3.760003089904785,0.0,-113.37894439697266
1778337373.6669562,0.2635922133922577,0.0,-10.371085166931152,-2.0429203510284424,0.048772260546684265,-113.29105377197266
1778337373.6999292,-0.8527613282203674,0.0,-10.371085166931152,1.5324246883392334,-0.04874591529369354,-113.37894439697266
1778337373.7366068,-1.959710717201233,0.0,-10.371085166931152,4.91311502456665,0.0,-113.37894439697266
1778337373.766831,-2.505309581756592,0.0,-10.371085166931152,6.392533779144287,0.0,-113.37894439697266
1778337373.7997272,-3.572155237197876,0.0,-10.371085166931152,8.691637992858887,0.0,-113.37894439697266
1778337373.83653,-4.595310211181641,0.0,-10.371085166931152,9.876775741577148,0.04147474840283394,-113.29105377197266
1778337373.8668296,-5.086406707763672,0.0,-10.371085166931152,9.997359275817871,-0.04872423782944679,-113.37894439697266
1778337373.8999548,-6.019779682159424,0.0,-10.371085166931152,9.274149894714355,0.0,-113.37894439697266
1778337373.9366817,-6.878132343292236,0.0,-10.371085166931152,7.35842227935791,0.0,-113.37894439697266
1778337373.9669049,-7.275660991668701,0.0,-10.371085166931152,6.0246405601501465,0.0,-113.37894439697266
1778337373.9997275,-8.000943183898926,0.0,-10.371085166931152,2.81941556930542,0.0,-113.37894439697266
1778337374.0365257,-8.625372886657715,0.0,-10.371085166931152,-0.7503694295883179,0.0,-113.37894439697266
1778337374.066866,-8.897126197814941,0.0,-10.371085166931152,-2.528538465499878,0.048758309334516525,-113.29105377197266
1778337374.0994844,-9.355152130126953,0.0,-10.371085166931152,-5.784189701080322,0.0,-113.29105377197266
1778337374.1364703,-9.694158554077148,0.0,-10.371085166931152,-8.294412612915039,-0.04147026687860489,-113.37894439697266
1778337374.1667917,-9.817488670349121,0.0,-10.371085166931152,-9.163330078125,0.0,-113.37894439697266
1778337374.1995444,-9.969569206237793,0.0,-10.371085166931152,-9.987292289733887,0.0,-113.37894439697266
1778337374.2397416,-9.993733406066895,0.0,-10.371085166931152,-9.519387245178223,0.0,-113.37894439697266
1778337374.2770689,-9.993733406066895,0.0,-10.371085166931152,-9.519387245178223,0.0,-113.37894439697266
1778337374.3075495,-9.788979530334473,0.0,-10.371085166931152,-6.568583011627197,0.0,-113.37894439697266
1778337374.3398015,-9.493760108947754,0.0,-10.371085166931152,-3.47160267829895,0.0,-113.37894439697266
1778337374.3770182,-9.075298309326172,0.0,-10.371085166931152,0.07718872278928757,0.0,-113.37894439697266
1778337374.4073331,-8.821358680725098,0.0,-10.371085166931152,1.8778645992279053,0.0,-113.37894439697266
1778337374.43982,-8.227943420410156,0.0,-10.371085166931152,5.238836765289307,0.0,-113.37894439697266
1778337374.4768646,-7.526759147644043,0.0,-10.371085166931152,7.919872760772705,0.0,-113.37894439697266
1778337374.5090528,-7.138448238372803,0.0,-10.371085166931152,8.891308784484863,0.0,-113.37894439697266
1778337374.5414019,-6.292527198791504,0.0,-10.371085166931152,9.936824798583984,0.0,-113.37894439697266
1778337374.576707,-5.363308429718018,0.0,-10.371085166931152,9.687685012817383,0.04365601763129234,-113.29105377197266
1778337374.6070352,-4.871146202087402,0.0,-10.371085166931152,9.080619812011719,-0.04880795255303383,-113.37894439697266
1778337374.6395233,-3.839650869369507,0.0,-10.371085166931152,6.999673366546631,0.0,-113.37894439697266
1778337374.6767116,-2.75649094581604,0.0,-10.371085166931152,4.0036301612854,0.0,-113.37894439697266
1778337374.7069917,-2.199925661087036,0.0,-10.371085166931152,2.2810864448547363,0.0,-113.37894439697266
1778337374.7396398,-1.065935730934143,0.0,-10.371085166931152,-1.3314323425292969,0.0,-113.37894439697266
1778337374.7765663,0.0833951085805893,0.0,-10.371085166931152,-4.771170616149902,0.0,-113.37894439697266
1778337374.80719,0.6590697765350342,0.0,-10.371085166931152,-6.282844066619873,0.0,-113.37894439697266
1778337374.839817,1.8028818368911743,0.0,-10.371085166931152,-8.641271591186523,0.048731978982686996,-113.29105377197266
1778337374.8764882,2.9239444732666016,0.0,-10.371085166931152,-9.867191314697266,-0.04148035869002342,-113.37894439697266
1778337374.9065878,3.4712343215942383,0.0,-10.371085166931152,-9.99819278717041,0.0,-113.37894439697266
1778337374.9376106,4.5301194190979,0.0,-10.371085166931152,-9.273709297180176,0.05175912380218506,-113.29105377197266
1778337374.9677002,5.038132190704346,0.0,-10.371085166931152,-8.441805839538574,-0.048759859055280685,-113.37894439697266
1778337374.999137,6.002670764923096,0.0,-10.371085166931152,-5.974672317504883,0.051762618124485016,-113.29105377197266
1778337375.0357897,6.002670764923096,0.0,-10.371085166931152,-5.974672317504883,-0.04151852801442146,-113.37894439697266
1778337375.0679786,7.296512603759766,0.0,-10.371085166931152,-0.9286656379699707,0.0,-113.37894439697266
1778337375.100515,8.039772033691406,0.0,-10.371085166931152,2.6874325275421143,0.048766057938337326,-113.29105377197266
1778337375.1376312,8.675331115722656,0.0,-10.371085166931152,5.950547695159912,-0.041490454226732254,-113.37894439697266
